,SM1_Dz(i),SM1_Dz(p),AMR,SpPosA_B(p),T(N..O),CATS2D_02_DA,DLS_cons,P_VSA_MR_2
C1=CC=C2C(=C1)C(=O)C(C2=O)(O)O,0.526147639863771,-1.75785791755237,43.4446,1.21573041420753,0,1,0.7,50.2898540648355
C(=C(F)F)(C(F)(F)F)C(F)(F)F,1.34276035909617,-2.89829583486251,23.0111,0.895483584942842,0,0,0.838095238095238,89.7606796260748
C1=C(C=C(C(=C1[N+](=O)[O-])O)[N+](=O)[O-])[N+](=O)[O-],1.06032180937978,-2.41591377830105,49.7262,1.16739675271481,71,0,0.723809523809524,42.6833431609212
CN1C(=O)CN=C(C2=C1C=CC(=C2)Cl)C3=CC=CC=C3,0.562582810538836,-1.16542946170543,79.9621,1.3032487673155,5,0,0.871428571428571,25.1449270324178
C(C(C(F)(F)F)(F)Cl)(F)Cl,1.10918948570588,-2.4273746367568,26.4845,1.01371321769716,0,0,0.809523809523809,74.8005663550623
C12=C(C(=C(C(=C1Cl)Cl)Cl)Cl)C(=O)OC2=O,0.715935542190386,-1.34265590409007,55.5886,1.32181667840328,0,0,0.747619047619048,61.2897419524419
CCC(C)C=CCCCCC(=O)NCC1=CC(=C(C=C1)O)OC,0.556467981644717,-1.64865862558739,94.6316,1.21519790073184,13,1,0.952380952380952,78.8281580809454
C(=O)(N)NO,0.58589598981297,-1.52605630349505,14.9072,1.00324511158643,7,2,0.8,25.1449270324178
C1=CC(=CC=C1C(=O)OOC(=O)C2=CC=C(C=C2)Cl)Cl,0.670799316896029,-1.68909900884178,73.3872,1.27954089715058,0,0,0.711904761904762,77.7210883448065
C1=CC=C(C(=C1)C(=O)N)O,0.451966941759586,-1.38629436111989,36.3327,1.22127429409692,6,1,0.752380952380952,67.828270193339
Clc1ccc(c(c1)Cl)[C@]1(OC[C@@H](O1)COc1ccc(cc1)N1CCN(CC1)C(C)C)Cn1cncn1,1.06770624597226,-1.97610675063351,142.9009,1.25972337862865,98,0,0.842857142857143,81.6264998671483
CC(=O)CCC1=CC2=C(C=C1)C=C(C=C2)OC,0.297285808594441,-1.22377543162211,68.4311,1.28411428178234,0,0,0.9,36.1448149200242
CC(C(=O)O)O,0.41824970246758,-1.52605630349505,18.9143,1.06566674108856,0,1,0.938095238095238,103.14157618311
C1=CC(=CC=C1C(CC(=O)O)CN)Cl,0.532450119862655,-1.33692027650209,54.829,1.23797068554742,10,1,1.0,79.5993721899293
C(C(=O)O)C(CC(=O)O)(C(=O)O)O,0.793761450592537,-2.24070968927596,35.6239,1.08367275163357,0,3,0.866666666666667,203.484810580017
CCCCNC(=O)N,0.484584312560769,-1.22377543162212,31.9125,1.12151597999163,4,2,0.952380952380952,48.6871310255984
CCOC1=CC=C(C=C1)NC(=O)C,0.4519669417596,-1.38629436111988,50.3514,1.22901232077753,7,1,0.952380952380952,71.4581209097951
C1CN1P(=S)(N2CC2)N3CC3,0.415349430182147,-0.637475895689475,51.9162,1.2104819794864,0,0,0.952380952380952,0.0
CCCCCCCCOC(=O)C1=CC(=C(C(=C1)O)O)O,0.623529113679112,-1.94591014905533,74.945,1.17854886852178,0,0,0.976190476190476,187.737048395968
C(C(C(F)(F)Cl)(F)F)(F)Cl,1.10918948570587,-2.4273746367568,26.4008,1.01872464479981,0,0,0.809523809523809,74.8005663550623
CC1=CC=C(C=C1)S(=O)(=O)NC2CCCCC2,0.395078015221685,-1.28284867766684,69.1672,1.25633501451808,4,2,0.928571428571429,91.397360056542
C(C(F)(F)Cl)Cl,0.678439551687673,-1.58931683443788,21.5972,1.08406810350751,0,0,0.79047619047619,29.9202265420249
CC[C@@H](C(=O)O[C@H]1C[C@@H](C)C=C2[C@H]1[C@@H](CC[C@@H]1C[C@@H](O)CC(=O)O1)[C@H](C=C2)C)C,0.62352911367915,-1.94591014905532,113.1814,1.22085865681982,0,0,1.0,154.687343816181
CNCC(C1=CC(=C(C=C1)O)O)O,0.556467981644689,-1.64865862558738,48.6567,1.1792777708857,16,0,0.952380952380952,85.3666863218424
C(CO[N+](=O)[O-])O[N+](=O)[O-],0.911881023385449,-2.24070968927596,26.4444,1.03850659213917,32,0,0.780952380952381,0.0
OCC(C1OC(=C(C1=O)O)O)O,0.712263297752179,-2.10413415427021,35.845,1.07802384843783,0,1,0.842857142857143,110.51161335426
C1C(=O)NC(=O)NC1=O,0.677881246889509,-1.75785791755237,25.9748,1.16017310276804,16,4,0.685714285714286,75.4347810972533
C1=CC(=CC=C1N)S(=O)(=O)N,0.536317916526918,-1.43672603441858,44.1004,1.24384012868323,16,2,0.752380952380952,44.3129520701807
C1=CC=C2C(=C1)NC(=N2)C3=CSC=N3,0.462916071743844,-0.878339612445592,56.3626,1.38002864777742,0,1,0.771428571428571,0.0
CCC1(C(=O)NC(=O)NC1=O)C2=CC=CC=C2,0.677881246889508,-1.75785791755238,59.7463,1.23517603667365,16,4,0.9,75.4347810972533
CC1(C(N2C(S1)C(C2=O)NC(=O)C(C3=CC=CC=C3)N)C(=O)O)C,0.824657782762135,-1.97503890044713,87.6542,1.23656062544334,57,2,1.0,188.744736237716
CN1C=NC2=C1C(=O)N(C(=O)N2C)C,0.809595993203202,-1.75785791755237,49.3334,1.21992604005575,26,0,0.757142857142857,50.2898540648355
CN(C)CCC(C1=CC=C(C=C1)Cl)C2=CC=CC=N2,0.458753078472852,-0.696790535474751,80.8499,1.29595017599436,0,0,0.9,23.5422039931806
C1=CC(=O)NNC1=O,0.585895989812968,-1.52605630349505,26.8016,1.16577285678105,10,2,0.7,50.2898540648355
C(C(CO)([N+](=O)[O-])Br)O,0.675237760016377,-1.78791876984212,32.6639,1.15361886002822,6,0,1.0,0.0
CN(C)C(=O)NC1=CC=C(C=C1)OC2=CC=C(C=C2)Cl,0.656638785743422,-1.48326225706237,78.6559,1.27321815913095,16,2,0.8,36.1448149200242
CCC1=C(C(=NC(=N1)N)N)C2=CC=C(C=C2)Cl,0.709266562439842,-1.16542946170542,71.542,1.27158524347658,0,3,0.8,0.0
CN1C(=O)CN=C(C2=C1C=CC(=C2)[N+](=O)[O-])C3=CC=CC=C3F,0.935544188796038,-2.1451005286111,82.6984,1.24948659565578,36,0,0.771428571428571,25.1449270324178
C1=C(C(=O)NC(=O)N1)F,0.765607367289207,-1.9084900994482,26.1722,1.12629607768151,10,3,0.7,50.2898540648355
C(C(F)(F)Cl)(F)F,0.93471986734252,-2.23846248535247,16.8143,0.962011273926468,0,0,0.761904761904762,59.8404530840499
CC1(CC2=C(O1)C(=CC=C2)OC(=O)NC)C,0.556467981644681,-1.64865862558738,59.592,1.22664843503433,9,2,1.0,141.313518780353
CCNC1=NC(=NC(=N1)Cl)NC(C)C,0.814346595961785,-1.33692027650208,62.214,1.22064816302002,0,4,1.0,105.939917969313
C(CC(C(=O)O)N)CN=C(N)N,0.809595993203184,-1.75785791755237,43.7046,1.10417662437131,50,3,0.792857142857143,114.9126781797
CC(COC(C)COC)O,0.418249702467595,-1.52605630349504,39.1847,1.11785369495653,0,0,0.923809523809524,70.6266119795419
C(C(F)(Cl)Cl)(F)F,0.843504962148503,-1.95207681034099,21.6491,1.07258168023111,0,0,0.761904761904762,44.8803398130374
C(C(F)(F)F)(C(F)(F)Cl)Cl,1.10918948570588,-2.4273746367568,26.7175,0.992611530857201,0,0,0.809523809523809,74.8005663550623
CC1(CC2=C(O1)C(=CC=C2)O)C,0.297285808594491,-1.22377543162212,46.5803,1.25751647543905,0,0,0.828571428571429,147.85204702125
CC(F)F,0.534971745594069,-1.66502397967365,11.4436,0.952789020498941,0,0,0.747619047619048,65.2335325317959
CC1=C2C=CC3=CC=CC=C3C2=C(C4=CC=CC=C14)C,0.0,0.0,85.491,1.36725155611944,0,0,0.616666666666667,0.0
C(C(=O)O)O,0.418249702467582,-1.52605630349505,14.4961,1.0177340322995,0,1,0.852380952380952,67.828270193339
C1=CC=C2C3=C4C(=CC2=C1)C=CC5=C4C(=CC=C5)C=C3,0.0,0.0,83.1728,1.39203967197191,0,0,0.616666666666667,0.0
C1=CC=C2C(=C1)N=C(S2)N,0.310054923303504,-0.591612669735647,43.3401,1.36811869009487,0,1,0.728571428571429,0.0
C(C(=O)O)N(CC(=O)O)CC(=O)O,0.817044817216182,-2.17475172148416,38.6925,1.09927195598251,18,3,0.866666666666667,203.484810580017
C1=CC(=CC=C1C(=O)O)Cl,0.390622161238393,-1.16542946170543,37.6212,1.26759791748439,0,1,0.723809523809524,67.828270193339
C1=CC=C(C(=C1)C(=O)O)C(=O)O,0.526147639863783,-1.75785791755237,39.5748,1.1944949225955,0,2,0.723809523809524,135.656540386678
C([C@@H](C(=O)O)N)C(=O)O,0.651074404138043,-1.85629799036563,26.6078,1.07757495067325,14,2,0.842857142857143,135.656540386678
C(C(C(C(C(C=O)O)O)O)O)O,0.712263297752171,-2.10413415427021,37.4207,1.04268929543053,0,0,0.914285714285714,25.1449270324178
CC1=CN(C(=O)NC1=O)C2C=CC(O2)CO,0.762113385024657,-1.94591014905532,55.3163,1.19931139385387,28,3,1.0,50.2898540648355
CC1=C(C=C(C=C1[N+](=O)[O-])[N+](=O)[O-])[N+](=O)[O-],0.998497250665143,-2.30258509299405,53.0733,1.19273543648372,60,0,0.747619047619048,0.0
C(CC(=O)O)CO,0.418249702467583,-1.52605630349505,23.7999,1.07405157223508,0,1,0.952380952380952,91.3704741865196
C1=CC(=CN=C1)C(=O)O,0.451966941759586,-1.38629436111989,30.6595,1.21546737210726,8,1,0.723809523809524,67.828270193339
C(C1C(C(C(C(=O)O1)O)O)O)O,0.712263297752177,-2.1041341542702,34.8539,1.05901512805349,0,0,0.914285714285714,36.1448149200242
CCCC1COC(O1)(CN2C=NC=N2)C3=C(C=C(C=C3)Cl)Cl,0.8264535478682,-1.57165296807136,86.577,1.27987095422511,24,0,0.892857142857143,23.5422039931806
C(F)F,0.534971745594069,-1.66502397967365,6.6013,0.856414066630994,0,0,0.647619047619048,29.9202265420249
CCOC1=CC=CC=C1C(=O)N,0.451966941759585,-1.38629436111989,45.8498,1.21912821671608,6,1,0.852380952380952,71.4581209097951
CCCC(C)(COC(=O)N)COC(=O)N,0.762113385024667,-1.94591014905532,53.0367,1.11835134311117,36,4,1.0,72.2896298400484
CC1=CC=C(C=C1)S(=O)(=O)NC(=O)NN2CCCCCC2,0.745739630679098,-1.79290880848457,81.7333,1.23294084214334,29,4,1.0,116.54228708896
CC(CO)OCC(C)O,0.418249702467581,-1.52605630349505,34.4335,1.09272645322463,0,0,0.923809523809524,70.6266119795419
CC(C)C(C(=O)O)N,0.451966941759588,-1.38629436111989,29.5678,1.11107292239269,6,1,0.914285714285714,79.5993721899293
CCC1=C(C(=CC=C1)CC)N(COC)C(=O)CCl,0.532450119862659,-1.3369202765021,74.0777,1.23535247025917,4,0,1.0,25.1449270324178
C(=CC(=O)O)C(=O)O,0.526147639863769,-1.75785791755237,24.7572,1.10790310806883,0,2,0.752380952380952,135.656540386678
C1=CC=C(C=C1)P(C2=CC=CC=C2)C3=CC=CC=C3,-0.0712037590063671,0.415547443449687,86.433,1.38466356040783,0,0,0.640476190476191,0.0
CC1=CC(=CC(=C1)OC(=O)NC)C(C)C,0.451966941759557,-1.38629436111989,59.9958,1.22964000478253,4,2,1.0,36.1448149200242
CCC1(C(=O)NC(=O)NC1=O)CCC(C)C,0.67788124688951,-1.75785791755237,58.0029,1.18910569506882,16,4,1.0,75.4347810972533
C1=CC=C2C3=C4C(=CC2=C1)C=CC5=C4C(=CC6=CC=CC=C56)C=C3,0.0,0.0,99.623,1.39284472589353,0,0,0.564285714285714,0.0
CCOC(=O)N,0.451966941759582,-1.38629436111989,20.8375,1.08346077892714,4,2,0.938095238095238,71.4581209097951
ClC(Cl)(F)F,0.678439551687671,-1.58931683443788,17.579,1.09561174661005,0,0,0.661904761904762,0.0
C(CO)C(CO)O,0.41824970246758,-1.52605630349505,25.3815,1.04000678894763,0,0,0.90952380952381,23.5422039931806
C(C(C(C(F)(F)F)(F)F)(F)F)(C(C(F)(F)F)(F)F)(F)F,1.78369369481569,-3.43400655913655,31.5412,0.871163967026542,0,0,0.745238095238095,209.441585794174
CN(C)NC(=O)CCC(=O)O,0.677881246889523,-1.75785791755238,38.8506,1.12636283505457,27,2,0.952380952380952,92.9731972257567
CCC(C)N1C(=O)C(=C(NC1=O)C)Br,0.611665938692071,-1.42959328551503,57.9842,1.25485207637823,10,2,1.0,144.458670037558
C1=CC=C(C=C1)N=NC2=CC=C(C=C2)N,0.516171310090747,-1.02961941718116,65.0774,1.28451760499924,0,0,0.752380952380952,0.0
C(C(C(F)(F)F)(F)F)(Cl)Cl,1.10918948570588,-2.4273746367568,26.4845,1.00108770908176,0,0,0.809523809523809,74.8005663550623
C1=NNC(=N1)N,0.642274850186189,-1.22377543162211,23.1252,1.19378600163908,0,2,0.728571428571429,0.0
CCN(CC)C(=O)C1CN(C2CC3=CNC4=CC=CC(=C34)C2=C1)C,0.614482689376275,-1.38629436111987,98.7331,1.27968787796853,14,0,0.9,119.31374300514
C(C,0.335257213064668,-1.02961941718116,13.4754,1.16876892636616,3,0,0.728571428571429,0.0
C1=CC=C2C(=C1)C=C3C=CC4=C5C3=C2C6=CC=CC=C6C5=CC=C4,0.0,0.0,99.623,1.39692653325534,0,0,0.564285714285714,0.0
CCC1=C(C(=CC=C1)CC)N(COC)C(=O)CCl,0.532450119862659,-1.3369202765021,74.0777,1.23535247025917,4,0,1.0,25.1449270324178
CC1CCC2=C3N1C=C(C(=O)C3=CC(=C2)F)C(=O)O,0.741079834315239,-1.99373385996466,67.8726,1.23520171312793,12,1,0.9,151.828707208708
CC(CO)O,0.297285808594476,-1.22377543162211,18.9718,1.04407425775696,0,0,0.923809523809524,35.313305989771
C(F)(F)(F)Br,0.745739630679116,-1.94672410341885,15.5429,1.02572172232212,0,0,0.661904761904762,0.0
C1=CC=C(C=C1)C2=NC3=C(N=C(N=C3N=C2N)N)N,0.946393075690593,-1.64865862558738,72.0632,1.25489734515229,0,4,0.65,0.0
C(F)(F)(F)F,0.881616467940132,-2.25880038062303,8.309,0.767645227282879,0,0,0.661904761904762,0.0
CC(C(=O)O)N,0.451966941759585,-1.38629436111989,20.5718,1.08394741747315,6,1,0.914285714285714,103.14157618311
C(CC(C(=O)O)N)CNC(=O)N,0.786136487402782,-1.85629799036562,41.4033,1.0999016926915,45,3,0.792857142857143,140.057605212118
C(CN(CC(=O)O)CC(=O)O)N(CC(=O)O)CC(=O)O,1.04211248142863,-2.46809953147163,62.9464,1.11167623916767,72,4,0.723809523809524,271.313080773356
CC(F)(F)Cl,0.609276321522798,-1.62788668250256,16.5477,1.05208114357767,0,0,0.79047619047619,29.9202265420249
CC(C)(C)C(=O)C1C(=O)C2=CC=CC=C2C1=O,0.418249702467573,-1.52605630349506,64.1092,1.27520171750152,0,0,0.9,75.4347810972533
C1=CC(=NC(=C1Cl)C(=O)O)Cl,0.606935483740878,-1.2849811994194,40.9584,1.27231455116893,6,1,0.723809523809524,67.828270193339
C(C(F)(F)F)Cl,0.785179266006438,-1.97906856753305,16.7624,0.947373074476835,0,0,0.79047619047619,44.8803398130374
C1=CC=C(C=C1)C2=NC(C(=O)NC3=C2C=C(C=C3)Cl)O,0.656638785743424,-1.48326225706236,76.0953,1.28547528827205,10,2,0.771428571428571,25.1449270324178
CC(=O)NC1=CC=C(C=C1)O,0.451966941759573,-1.38629436111989,40.8343,1.22727565785357,7,1,0.752380952380952,67.828270193339
CO,0.159649817529538,-0.78845736036427,8.2613,0.930280222004527,0,0,0.857142857142857,0.0
C1=CC=NC(=C1)NS(=O)(=O)C2=CC=C(C=C2)N,0.660055645559751,-1.57005238569981,67.528,1.27636480113937,24,3,0.8,44.3129520701807
COC(=O)C1=CC=C(C=C1)C(=O)OC,0.526147639863775,-1.75785791755237,49.113,1.20266186767443,0,0,0.752380952380952,72.2896298400484
CC1=CC(=CC(=C1O)[N+](=O)[O-])[N+](=O)[O-],0.839798380885642,-2.10413415427021,47.4427,1.19461370214297,28,0,0.723809523809524,42.6833431609212
CCCCCCCCCCCCCCCCCO,0.159649817529578,-0.788457360364239,81.9475,1.18890689782383,0,0,0.564285714285714,23.5422039931806
CCC(C)C(C(=O)O)N,0.45196694175959,-1.38629436111989,34.1688,1.12239421146591,6,1,0.938095238095238,79.5993721899293
C1=CC=C(C=C1)C2(C(=O)NC(=O)N2)C3=CC=CC=C3,0.585895989812942,-1.52605630349505,69.9813,1.27689562656526,9,3,0.8,50.2898540648355
CC1=CC(=CC(=C1N(C)C)C)OC(=O)NC,0.585895989812984,-1.52605630349506,65.2748,1.22882737621241,16,2,1.0,36.1448149200242
CC1=CC(=NC(=N1)NS(=O)(=O)C2=CC=C(C=C2)N)C,0.770154516920756,-1.68767591568473,75.1647,1.26963430843389,32,4,0.8,44.3129520701807
CC(C)CC(C)(C,0.642274850186166,-1.22377543162212,76.7092,1.25979144062798,0,0,1.0,117.711019965903
C1=CC(=CC=C1C(=O)O)[N+](=O)[O-],0.651074404138034,-1.85629799036563,40.1411,1.19896963060891,12,1,0.723809523809524,67.828270193339
C(C(=O)O)NCP(=O)(O)O,0.701561679160956,-1.95795164409213,31.3181,1.11016993570374,15,4,0.866666666666667,88.091488026038
O=C=O,0.297285808594476,-1.22377543162212,6.3844,1.11330274232245,0,0,0.671428571428571,50.2898540648355
CN1C=NC2=C1C(=O)NC(=O)N2C,0.809595993203193,-1.75785791755238,44.4367,1.22399742297344,26,3,0.757142857142857,50.2898540648355
CC1=CC(NC2=CC=CC=C12)(C)C,0.203104095976478,-0.470003629245722,58.4628,1.30019176072351,0,0,0.814285714285714,70.6266119795419
CNC1CCC(C2=CC=CC=C12)C3=CC(=C(C=C3)Cl)Cl,0.397836080943686,-0.194414804481324,85.7406,1.32334190746917,0,0,0.764285714285714,23.5422039931806
C=CCOC(=O)C1=CC=CC=C1C(=O)OCC=C,0.526147639863792,-1.75785791755237,67.4384,1.23517445535277,0,0,0.8,72.2896298400484
C(C(F)(F)F)(C(F)(F)F)(F)F,1.34276035909616,-2.89829583486251,17.5372,0.844697169625106,0,0,0.761904761904762,119.6809061681
C(CCC(=O)O)CC(=O)O,0.526147639863781,-1.75785791755238,32.739,1.11388055058565,0,2,0.952380952380952,135.656540386678
CN1C2CCC1C(C(C2)OC(=O)C3=CC=CC=C3)C(=O)OC,0.651074404138071,-1.85629799036562,80.6618,1.22919171165631,18,0,0.928571428571429,142.91624181959
CCOC(=O)C1=CC=C(C=C1)O,0.418249702467594,-1.52605630349505,44.0276,1.21521098588804,0,0,0.852380952380952,114.141464070716
CCC(C)(C,0.642274850186196,-1.22377543162213,58.41,1.2500705937473,0,0,0.952380952380952,117.711019965903
C12=C(NC(=O)N1)NC(=O)NC2=O,0.883808861628903,-1.94591014905531,35.7138,1.16864453784838,39,5,0.685714285714286,75.4347810972533
COC1=CC(=CC(=C1OC)OC)CC2=CN=C(N=C2N)N,0.883808861628895,-1.94591014905532,81.5094,1.20923442250117,94,3,1.0,32.9996636628193
CC(CC(=O)O)O,0.418249702467587,-1.52605630349505,23.4635,1.09668626213325,0,1,0.952380952380952,103.14157618311
C1CN1C2=NC(=NC(=N2)N3CC3)N4CC4,0.854925836122558,-1.52605630349505,59.7384,1.11763730159828,0,0,1.0,0.0
CCCCC1C(=O)N(N(C1=O)C2=CC=CC=C2)C3=CC=CC=C3,0.58589598981295,-1.52605630349506,88.7583,1.26970018007881,10,0,0.9,50.2898540648355
CCCCCOC(=O)C1=CC=CC=C1C(=O)OCCCCC,0.52614763986372,-1.75785791755237,86.0614,1.21091987636983,0,0,0.857142857142857,119.37403782641
C1=CN=CC=C1C(=O)NN,0.614482689376266,-1.38629436111989,36.9658,1.20454127928529,10,1,0.752380952380952,25.1449270324178
C1=CC=C(C=C1)C(C2=CC=CC=C2)C(=O)C3C(=O)C4=CC=CC=C4C3=O,0.418249702467542,-1.52605630349505,99.7982,1.31434695715175,0,0,0.871428571428571,75.4347810972533
C(CCl)C(F)(F)F,0.785179266006439,-1.97906856753305,19.674,1.00814169586905,0,0,0.79047619047619,44.8803398130374
CC1(OCC(O1)CO)C,0.41824970246758,-1.52605630349505,32.7231,1.12457657369589,0,0,0.952380952380952,70.6266119795419
C(F)(F)F,0.723239820867114,-2.00535087706865,6.8629,0.807459424803569,0,0,0.676190476190476,44.8803398130374
CC(=O)OCCOCCOCCOC(=O)C,0.712263297752197,-2.10413415427021,54.9436,1.12288323512058,0,0,0.857142857142857,72.2896298400484
C(C(F)(F)F)(C(F)(Cl)Cl)F,1.10918948570588,-2.4273746367568,26.8092,1.01448823890658,0,0,0.809523809523809,59.8404530840499
CC(C)C=CCCCCC(=O)NCC1=CC(=C(C=C1)O)OC,0.556467981644742,-1.64865862558737,90.0306,1.21801859213557,13,1,0.976190476190476,78.8281580809454
CC(=C)C1CC2=C(O1)C=CC3=C2OC4COC5=CC(=C(C=C5C4C3=O)OC)OC,0.712263297752163,-2.10413415427022,105.7119,1.25525390049837,0,0,0.9,103.686570463631
CCCCCCCCCCCCOC(=O)C1=CC(=C(C(=C1)O)O)O,0.623529113679013,-1.94591014905531,93.349,1.1841047374587,0,0,0.821428571428571,187.737048395968
CC,0.0,0.0,11.0042,1.05,0,0,0.747619047619048,0.0
C1=CC=C2C(=C1)C(=O)OC2(C3=CC=C(C=C3)O)C4=CC=C(C=C4)O,0.526147639863798,-1.75785791755236,88.3133,1.28012573191131,0,0,0.771428571428571,121.511501241867
CC(C(=O)O)OC1=C(C=C(C=C1)Cl)Cl,0.578129068975674,-1.43855468778099,52.7838,1.25499801629276,0,1,0.9,114.141464070716
C(CCO)CO,0.29728580859448,-1.22377543162212,24.0628,1.06914257613861,0,0,0.895238095238095,47.0844079863613
C(C(C(F)(F)Cl)(F)Cl)(F)F,1.10918948570588,-2.4273746367568,26.4008,1.01947178882591,0,0,0.809523809523809,74.8005663550623
COc1c(OC)ncnc1NS(=O)(=O)c1ccc(cc1)N,0.918807561998436,-2.05500795803856,79.6211,1.22651086788839,74,3,0.8,66.3127278453936
CCC1(C(=O)NC(=O)NC1=O)CCC(C)C,0.67788124688951,-1.75785791755237,58.0029,1.18910569506882,16,4,1.0,75.4347810972533
C(C(C(F)(Cl)Cl)(F)F)(F)F,1.10918948570588,-2.4273746367568,26.3171,1.02181240345291,0,0,0.809523809523809,74.8005663550623
C1C2=C(C(=CC=C2)O)C(=O)C3=C1C=CC=C3O,0.41824970246757,-1.52605630349505,63.7009,1.28609489429223,0,0,0.747619047619048,110.51161335426
C(C(F)(F)Cl)(C(F)(F)Cl)F,1.10918948570588,-2.4273746367568,26.8092,1.01716765955222,0,0,0.809523809523809,59.8404530840499
C(C(F)(F)Cl)(F)Cl,0.843504962148502,-1.95207681034099,21.7328,1.06794227123953,0,0,0.761904761904762,44.8803398130374
CC(CCl)Br,0.164327293421675,0.479768299300647,28.0573,1.36931995837538,0,0,0.761904761904762,35.313305989771
C(=O)(C(=O)O)O,0.526147639863776,-1.75785791755237,14.4386,1.04533611842185,0,2,0.80952380952381,135.656540386678
COC1=C2C(=CC3=C1OC=C3)C=CC(=O)O2,0.526147639863779,-1.75785791755238,56.928,1.28070147289538,0,0,0.771428571428571,56.6520490938793
C1=C(C(=CC(=C1Cl)Cl)Cl)OCC(=O)O,0.649404257612049,-1.39175442778925,53.1704,1.26712019553439,0,1,0.771428571428571,78.8281580809454
C1(C(O1)(F)F)(C(F)(F)F)F,1.19249721085091,-2.71186956470499,16.8153,0.886898276571641,0,0,0.885714285714286,89.7606796260748
C=CC(=O)N,0.335257213064666,-1.02961941718116,19.1887,1.17443010101787,2,1,0.738095238095238,25.1449270324178
C1=C(C=C(C(=C1O)O)O)C(=O)O,0.623529113679076,-1.94591014905531,37.8987,1.14732821282065,0,1,0.723809523809524,195.878299676103
C1=CC(=CC(=C1)N=NC2=C(C=C(C=C2)N)N)N=NC3=C(C=C(C=C3)N)N,1.03019068254944,-1.75785791755239,113.4976,1.26133139344661,0,0,0.583333333333333,0.0
C(C(CO)(CO)CO)O,0.52614763986378,-1.75785791755238,31.7277,1.04398977775923,0,0,0.90952380952381,0.0
C(C(F)(F)F)(F)(F)F,1.13853788154043,-2.62881938597693,12.8692,0.822783811545943,0,0,0.761904761904762,89.7606796260748
C(CCl)OP(=O)(OCCCl)OCCCl,0.699973825902221,-1.54898702552488,56.9354,1.20749958379519,0,0,1.0,20.2632178326991
CC1=CC=C(C=C1)C(=O)C2=CC(=C(C(=C2)O)O)[N+](=O)[O-],0.737498938130438,-2.02814824729229,72.3876,1.24415791968542,12,0,0.771428571428571,110.51161335426
COc1cnc(nc1)NS(=O)(=O)c1ccc(cc1)N,0.847240715897348,-1.88811455747082,72.4449,1.24060283765416,54,4,0.8,55.3128399577872
C1=CC(=C(C(=C1)O)O)O,0.418249702467587,-1.52605630349505,31.1403,1.17153588512474,0,0,0.728571428571429,128.050029482764
C1=CC(=C(C=C1N)C(=O)O)O,0.556467981644703,-1.64865862558738,39.2109,1.18456584106333,15,1,0.752380952380952,110.51161335426
CCN1CCCC1CNC(=O)C2=C(C=CC(=C2)S(=O)(=O)N)OC,0.824657782762113,-1.97503890044712,89.318,1.2141423325611,64,3,1.0,162.855480966337
C1=CC=C2C(=C1)C=CC=C2N=C=S,0.129535921349022,-0.188055088641722,57.5569,1.39427472328933,0,0,0.673809523809524,0.0
C1=CC2=NNN=C2C=C1,0.516171310090739,-1.02961941718116,34.3802,1.30962762801559,0,0,0.7,0.0
C1CC(OC1CO)N2C=CC(=NC2=O)N,0.786136487402777,-1.85629799036562,52.5149,1.18150459216693,41,1,1.0,72.229335018779
C1=CC(=C(C=C1Cl)SC2=C(C=CC(=C2)Cl)O)O,0.420485074864541,-0.963746673030458,71.7399,1.33517078139929,0,0,0.771428571428571,85.3666863218424
C=CO,0.159649817529538,-0.788457360364271,11.6667,1.14796340472102,0,0,0.7,42.6833431609212
C1=CC=C(C(=C1)C(=O)O)N,0.451966941759581,-1.38629436111989,37.5168,1.2193105267644,8,1,0.752380952380952,67.828270193339
C(=C(F)F)(F)F,0.881616467940133,-2.25880038062302,12.4054,0.904386716822809,0,0,0.661904761904762,0.0
CC1=CC(=C(C=C1)OC)N,0.335257213064662,-1.02961941718116,42.2628,1.24149507641755,3,0,0.880952380952381,10.9998878876064
C1=CC(=CC=C1CC2=CC=C(C=C2)N=C=O)N=C=O,0.585895989812952,-1.52605630349504,69.9108,1.29926686833578,28,0,0.771428571428571,50.2898540648355
CCC(CC)(C(=O)NC(=O)N)Br,0.611665938692057,-1.42959328551504,48.6996,1.21021029454641,10,3,1.0,97.3742620511968
CNC(=O)OC1=CC=CC2=CC=CC=C21,0.4519669417596,-1.38629436111989,57.214,1.26536558951389,4,2,0.8,36.1448149200242
C(CC,0.371839380458503,-0.788457360364274,21.4956,1.30236379757407,0,0,0.852380952380952,0.0
C1=CC(=CC=C1N=C=S)N=C=S,0.24420029383982,-0.346281114754733,56.1554,1.41378128755505,0,0,0.688095238095238,0.0
CCCCCCCCN[C@@H]([C@H](c1ccc(cc1)SC(C)C)O)C,0.271095268847419,-0.878339612445639,104.0366,1.25146185460341,3,0,0.735714285714286,129.482121962493
CC(C)CC(C(=O)O)N,0.45196694175958,-1.38629436111989,34.2456,1.13980916378224,6,1,0.938095238095238,91.3704741865196
CC(=O)NC1=NN=C(S1)S(=O)(=O)N,0.809284418188999,-1.82677262506506,48.7977,1.25365086053668,46,4,0.733333333333333,69.4578791025985
CC(C)(C)C1=NN=C(S1)N(C)C(=O)NC,0.686625963569686,-1.43672603441859,62.5956,1.24645145871514,13,2,1.0,25.1449270324178
C(CC(=O)OOC(=O)CCC(=O)O)C(=O)O,0.869115263381748,-2.36085400111804,45.2188,1.09355215861344,0,2,0.904761904761905,213.377628731484
COP(=S)(OC)SCN1C(=O)C2=CC=CC=C2N=N1,0.666443797725402,-1.62896599224165,83.4913,1.30968396148249,39,0,0.857142857142857,25.1449270324178
CCCN(CCC)C1=C(C=C(C=C1[N+](=O)[O-])C(F)(F)F)[N+](=O)[O-],1.23229783607682,-2.64110523123256,79.6541,1.14162312989523,36,0,0.964285714285714,91.9647477993987
C1=NNN=N1,0.642274850186189,-1.22377543162212,19.5474,1.21452338943653,0,1,0.671428571428571,0.0
C1=CC=C2C(=C1)C(=O)NS2(=O)=O,0.50537077308303,-1.57005238569981,41.8965,1.27033163272739,6,3,0.7,69.4578791025985
C(C(C(C(CO)O)O)O)O,0.623529113679082,-1.94591014905531,32.4411,1.00788282149663,0,0,0.885714285714286,0.0
C1CNP(=O)(OC1)N(CCCl)CCCl,0.686223265487121,-1.30817064433831,59.145,1.22822849222502,8,3,1.0,43.8054218258797
C1=CC2=C(C(=C1)O)C(=O)C3=C(C2=O)C=CC=C3O,0.526147639863796,-1.75785791755238,64.5392,1.27243741028141,0,0,0.747619047619048,135.656540386678
CC1=CN(C(=O)NC1=O)C2CC(C(O2)CO)N=[N+]=[N-],1.0361693480449,-2.17475172148417,,1.18227482575402,103,3,0.961904761904762,50.2898540648355
C1=CC=C(C=C1)NC2=CC=C(C=C2)N,0.371839380458498,-0.788457360364263,59.2446,1.29364950166707,0,0,0.752380952380952,0.0
C1CCC(CC1)(O)OOC2(CCCCC2)OO,0.623529113679051,-1.94591014905533,56.798,1.1108261315623,0,1,1.0,94.1688159727225
CNC1=C(C(=O)N(N=C1)C2=CC=CC(=C2)C(F)(F)F)Cl,1.11235081477863,-2.32591091829755,69.7997,1.18845536390062,9,0,0.771428571428571,70.0252668454552
C(C(C(F)(F)F)(Cl)Cl)(F)F,1.10918948570588,-2.4273746367568,26.4845,1.00246748503168,0,0,0.809523809523809,74.8005663550623
C(=N)(N)S(=O)O,0.536317916526927,-1.43672603441858,22.9516,1.15166433034992,12,1,0.838095238095238,22.1564760350904
C(C(C(CO)O)O)O,0.526147639863774,-1.75785791755237,26.4786,1.00235785954317,0,0,0.90952380952381,0.0
CCC1(C(=O)NCNC1=O)C2=CC=CC=C2,0.585895989812958,-1.52605630349504,59.0376,1.23710157416186,12,2,0.9,50.2898540648355
C1N2CN3CN1CN(C2)C3,0.642274850186187,-1.22377543162212,36.9954,1.19837355814279,0,0,0.857142857142857,0.0
CC1=C(C(=O)N(N1C)C2=CC=CC=C2)N(C)C,0.614482689376269,-1.38629436111989,70.5084,1.25556472588928,8,0,0.928571428571429,60.4582330221887
CC(=O)NC1=NN=C(S1)S(=O)(=O)N,0.809284418188999,-1.82677262506506,48.7977,1.25365086053668,46,4,0.733333333333333,69.4578791025985
C1=COC(=C1)CNC2=CC(=C(C=C2C(=O)O)S(=O)(=O)N)Cl,0.858958185226917,-2.03001492501749,78.1605,1.25793367304109,48,3,0.771428571428571,121.648568549768
C(COCCO)O,0.418249702467586,-1.52605630349505,25.5971,1.04766695582735,0,0,0.90952380952381,0.0
CN(C)C(=O)NC1=CC(=C(C=C1)Cl)Cl,0.634935270811539,-1.10346715139429,57.2199,1.28266398571013,4,2,0.9,25.1449270324178
C(=C(F)F)(C(F)(F)F)F,1.13853788154043,-2.62881938597693,17.9244,0.89704689776561,0,0,0.690476190476191,44.8803398130374
C1=CC(=CC=C1N)S(=O)(=O)C2=CC=C(C=C2)N,0.536317916526938,-1.43672603441858,68.991,1.28973793230665,24,0,0.8,44.3129520701807
C,,,6.3468,,0,0,0.647619047619048,0.0
CN(C1=C(C=C(C=C1[N+](=O)[O-])[N+](=O)[O-])[N+](=O)[O-])[N+](=O)[O-],1.25584393173583,-2.61006979274201,63.6549,1.16340493222442,160,0,0.554761904761905,0.0
CC(=O)NC1=CC=CC=C1,0.335257213064665,-1.02961941718115,39.1402,1.26389307793184,2,1,0.752380952380952,25.1449270324178
CC12CCN(C1N(C3=C2C=C(C=C3)OC(=O)NC)C)C,0.703988203737795,-1.64865862558739,78.3964,1.22941610876962,30,2,1.0,59.6870189132048
C1=CC2=CC3=C(C(=CC=C3)O)C(=C2C(=C1)O)O,0.418249702467568,-1.52605630349505,64.0407,1.29046101628155,0,0,0.747619047619048,128.050029482764
COc1ccc(nn1)NS(=O)(=O)c1ccc(cc1)N,0.847240715897351,-1.88811455747081,74.168,1.24102691370737,55,3,0.8,55.3128399577872
CC1=C(ON=C1C)NS(=O)(=O)C2=CC=C(C=C2)N,0.745739630679133,-1.79290880848457,69.6994,1.25768346657433,36,3,0.8,54.0470729869417
CCOC(=O)C1=CC=C(C=C1)N,0.451966941759589,-1.38629436111989,47.0339,1.22524682592829,12,0,0.852380952380952,71.4581209097951
CC(CO)OCC(C)OCC(C)O,0.526147639863769,-1.75785791755237,49.8952,1.1071712117521,0,0,0.923809523809524,105.939917969313
CC1=CC(=O)NS(=O)(=O)O1,0.604698407374828,-1.79290880848458,33.881,1.20042752028888,8,4,0.685714285714286,104.771185092369
CC(=O)NC1=CC=C(C=C1)C(=O)CCl,0.532450119862674,-1.33692027650209,54.4464,1.25648587369597,8,1,0.9,50.2898540648355
C(C1C(C(C(O1)(CO)O)O)O)O,0.712263297752162,-2.10413415427021,36.3608,1.03427012404833,0,1,0.914285714285714,0.0
CC(C)(C,0.371839380458509,-0.788457360364262,39.6466,1.28519368814154,0,0,0.880952380952381,0.0
CCCN(CCC)S(=O)(=O)C1=CC=C(C=C1)C(=O)O,0.604698407374836,-1.79290880848458,73.7101,1.22244522340124,18,1,1.0,159.225630249881
C1CN2CCC1C(C2)OC(=O)C(C3=CC=CC=C3)(C4=CC=CC=C4)O,0.556467981644697,-1.64865862558738,96.0195,1.24506491762353,14,0,0.9,95.0003249029758
C1(=O)NC(=O)NC(=O)N1,0.786136487402773,-1.85629799036563,24.7278,1.12611868473565,24,6,0.685714285714286,75.4347810972533
C(C(CO)O)O,0.418249702467583,-1.52605630349505,20.5161,0.994954103664741,0,0,0.90952380952381,0.0
O=C1CC[C@]2(C(=C1)CC[C@@H]1[C@@H]2CC[C@]2([C@H]1CC[C@@H]2C(=O)C)C)C,0.297285808594467,-1.22377543162212,92.7804,1.26550124688428,0,0,1.0,50.2898540648355
CCOCCOCCOCCO,0.526147639863773,-1.75785791755238,46.1398,1.09241627496702,0,0,0.9,35.313305989771
CC1=CC=CC=C1N=NC2=CC(=C(C=C2)N)C,0.516171310090747,-1.02961941718115,75.1598,1.29195713842053,0,0,0.871428571428571,0.0
C1=CC(=C(C=C1Cl)Cl)OCC(=O)O,0.578129068975676,-1.43855468778097,48.3656,1.24942160414622,0,1,0.771428571428571,78.8281580809454
C1=CC(=CC=C1N)OC2=CC=C(C=C2)N,0.484584312560772,-1.22377543162211,61.6996,1.26565411786446,10,0,0.8,10.9998878876064
CCCOC(=O)C1=CC(=C(C(=C1)O)O)O,0.623529113679085,-1.94591014905531,51.94,1.16324196922866,0,0,1.0,187.737048395968
C1=CC(=CC=C1C(CC(=O)O)CN)Cl,0.532450119862655,-1.33692027650209,54.829,1.23797068554742,10,1,1.0,79.5993721899293
CC1=C(C(C(=C(N1)C)C(=O)OC)C2=CC=CC=C2[N+](=O)[O-])C(=O)OC,0.911881023385462,-2.24070968927595,92.1635,1.22174714353714,54,0,0.9,142.91624181959
C1C(O1)CO,0.297285808594477,-1.22377543162212,17.006,1.01818460680625,0,0,0.923809523809524,0.0
C(,0.681681702450662,-0.357114847167126,56.7526,1.40234875554454,0,0,0.747619047619048,0.0
CN1C2=C(C(=O)N(C1=O)C)NC=N2,0.809595993203192,-1.75785791755238,44.4367,1.21570657805143,26,1,0.757142857142857,50.2898540648355
O=C1C=C[C@]2([C@H](N1)CC[C@@H]1[C@@H]2CC[C@]2([C@H]1CC[C@@H]2C(=O)NC(C)(C)C)C)C,0.585895989812905,-1.52605630349505,108.2689,1.24528226399436,24,2,1.0,179.771976027329
C1=CN=CC=C1N,0.371839380458503,-0.78845736036427,28.6015,1.25208334359033,0,0,0.728571428571429,0.0
N(=O)OS(=O)(=O)O,0.695045377843021,-1.97503890044712,18.0177,1.05995901642496,9,3,0.685714285714286,78.4506987493991
N(Cl)(Cl)Cl,0.482611317284817,-0.021663639636022,21.3069,1.33448969159973,0,0,0.685714285714286,0.0
FS(F)(F)F,0.844966573620125,-2.21686379258857,13.7987,0.846770684240939,0,0,0.661904761904762,0.0
N(=O)[N+](=O)[O-],0.677881246889512,-1.75785791755237,13.048,1.06533991790747,6,0,0.695238095238095,25.3734570391534
N=[N+]=[N-],0.516171310090743,-1.02961941718116,,1.13030712679374,0,1,0.647619047619048,0.0
O=S=O,0.230556011029663,-1.10090964771679,8.6416,1.24264687831433,0,0,0.647619047619048,44.3129520701807
BrBr,0.0896578719305354,0.61302113608066,17.4704,1.733,0,0,0.733333333333333,0.0
OS(=O)(=O)F,0.5800344719283,-1.8484233163456,12.7075,1.00098616012112,0,2,0.685714285714286,44.3129520701807
O=[Si]=O,-0.0344980404075674,-1.00323877352481,2.8858,1.57170638594442,0,0,0.647619047619048,0.0
I,,,14.1408,,0,0,0.733333333333333,0.0
P(Br)(Br)Br,0.06475724721528,1.02396057897233,33.0416,1.81875745189642,0,0,0.70952380952381,0.0
OP(=O)(O)O,0.481561578079464,-1.66483477565439,14.6519,1.03662871081055,0,6,0.79047619047619,20.2632178326991
OS(=O)O,0.359351359142141,-1.43672603441858,14.2944,1.05256879228785,0,3,0.761904761904762,22.1564760350904
O=S(Cl)Cl,0.299808252249623,-0.351712652108918,21.4378,1.39555131390602,0,0,0.685714285714286,22.1564760350904
O=P(Cl)(Cl)Cl,0.40172478849244,-0.101382614288602,25.367,1.45606667176897,0,0,0.685714285714286,20.2632178326991
F,,,2.3013,,0,0,0.719047619047619,0.0
N(=O)Cl,0.425267735404344,-0.958315203129387,12.2934,1.18195215007438,0,0,0.671428571428571,25.3734570391534
O,,,3.3646,,0,0,0.633333333333333,0.0
O=S(=O)(Cl)Cl,0.42048507486455,-0.96374667303045,20.9142,1.31304163673649,0,0,0.7,44.3129520701807
OS(=O)(=O)Cl,0.447310578698059,-1.38983807474326,17.3425,1.16958876641567,0,2,0.685714285714286,44.3129520701807
O=O,0.297285808594476,-1.22377543162212,2.8858,0.98435676908493,0,0,0.647619047619048,55.6118448353158
OO,0.297285808594476,-1.22377543162212,5.1292,0.77725,0,0,0.776190476190476,0.0
O=P(Br)(Br)Br,0.215111379616944,0.460079548048042,33.1637,1.73090478365185,0,0,0.733333333333333,20.2632178326991
O=S(=O)(F)F,0.676357011252472,-1.98687384782076,11.6442,0.976698834014833,0,0,0.685714285714286,44.3129520701807
S(SCl)Cl,0.0858106564131128,0.775464223049159,27.8596,1.49196031312324,0,0,0.761904761904762,0.0
F[Si](F)(F)F,0.709758446365142,-2.18590519865348,6.0052,1.04622720280652,0,0,0.661904761904762,0.0
P(=S)(Cl)(Cl)Cl,0.210585022066813,0.910835881191191,33.3579,1.63220710066286,0,0,0.661904761904762,0.0
O(F)F,0.631537698928254,-1.86961517176369,4.6217,0.753718391290779,0,0,0.657142857142857,0.0
NS(=O)(=O)O,0.505370773083028,-1.57005238569981,16.4903,1.05595692942089,6,5,0.690476190476191,44.3129520701807
NO,0.335257213064668,-1.02961941718116,7.8487,0.821524246011449,0,0,0.776190476190476,0.0
[N-]=[N+]=O,0.484584312560764,-1.22377543162212,,1.08840871898737,2,0,0.647619047619048,25.3734570391534
N(=O)[O],0.451966941759584,-1.38629436111989,,0.955760583939744,0,0,0.647619047619048,25.3734570391534
O=S(=O)(OS(=O)(=O)Cl)Cl,0.670441343024309,-1.76274252015756,31.1749,1.23825135205803,0,0,0.757142857142857,88.6259041403615
NN,0.371839380458504,-0.78845736036427,10.5682,0.8625,0,0,0.747619047619048,0.0
[SiH4],,,3.2,,0,0,0.633333333333333,0.0
II,-0.143927168806643,0.851005265175526,26.6816,3.0398,0,0,0.780952380952381,0.0
[N+](=O)(O)[O-],0.556467981644692,-1.64865862558738,9.4555,0.964169346012506,0,2,0.671428571428571,0.0
P(Cl)(Cl)Cl,0.278616100438034,0.738741768118338,25.2449,1.51895538721016,0,0,0.661904761904762,0.0
[N+](=O)([N+](=O)[O-])[O-],0.762113385024668,-1.94591014905531,13.7818,1.06469291851061,8,0,0.70952380952381,0.0
N,0.371839380458504,-0.78845736036427,5.4,1.22852538824081,0,0,0.647619047619048,0.0
N(F)(F)F,0.826934790358045,-2.08302262195098,7.4019,0.75458533774722,0,0,0.671428571428571,0.0
[Si](Cl)(Cl)(Cl)Cl,0.135841222911414,0.893513284184167,24.5452,1.64837217397659,0,0,0.661904761904762,0.0
S(Cl)Cl,0.16254392918528,0.575770312406373,20.0661,1.41673676449154,0,0,0.661904761904762,0.0
C=CC1=CC=CC=C1,0.0,0.0,35.7443,1.3227745617223,0,0,0.714285714285714,0.0
C1=CC=C(C=C1)C,0.203104095976487,-0.470003629245729,31.7957,1.33720144217271,0,0,0.714285714285714,0.0
C1=CC=C(C=C1)CO,0.159649817529532,-0.788457360364274,32.8739,1.24331754952948,0,0,0.80952380952381,0.0
C1=CC=C(C=C1)C=O,0.159649817529543,-0.788457360364268,32.649,1.29072239936156,0,0,0.738095238095238,25.1449270324178
C1=CC=C(C=C1)CS,-0.0833296075870042,0.331531479730035,39.0009,1.370498762217,0,0,0.714285714285714,0.0
COC1=CC=CC=C1,0.159649817529534,-0.788457360364267,32.5212,1.25335443799973,0,0,0.80952380952381,10.9998878876064
CCCCCCCCCCCC(=O)OC1=CC=C(C=C1)C,0.297285808594557,-1.22377543162214,88.2675,1.2333410682749,0,0,0.735714285714286,36.1448149200242
CCCCCCOC(=O)CC(C)C,0.297285808594449,-1.22377543162213,54.2645,1.18708614239702,0,0,0.923809523809524,59.6870189132048
COC(CC1=CC=CC=C1)OC,0.297285808594475,-1.22377543162211,48.2716,1.23014035521175,0,0,0.952380952380952,23.5422039931806
C1=CC=C(C=C1)CC2=CC=CC=C2,0.0,0.0,55.7952,1.33553201887493,0,0,0.714285714285714,0.0
C1=CC=C(C=C1)OC2=CC=CC=C2,0.159649817529554,-0.788457360364273,52.2988,1.3062259043699,0,0,0.738095238095238,10.9998878876064
C1=CC=C(C=C1)CC(=O)OCC2=CC=CC=C2,0.297285808594515,-1.22377543162212,66.7473,1.28270916205824,0,0,0.871428571428571,36.1448149200242
CC(=O)OCC(COC(=O)C)OC(=O)C,0.712263297752161,-2.10413415427021,47.9706,1.13350012862065,0,0,1.0,108.434444760073
CCCCC(CC)COC(=O)C,0.297285808594502,-1.22377543162212,49.5608,1.17319495418533,0,0,0.923809523809524,47.9159169166145
C1=CC=C(C=C1)COCC2=CC=CC=C2,0.159649817529524,-0.788457360364259,62.2377,1.29580790980475,0,0,0.80952380952381,0.0
C1=CC=C(C=C1)CC(=O)O,0.297285808594482,-1.22377543162212,37.3656,1.245238286539,0,1,0.752380952380952,67.828270193339
CCC(C)C(=O)OC,0.29728580859447,-1.22377543162211,31.2152,1.14951583359875,0,0,0.952380952380952,36.1448149200242
CCC(C)C(=O)OCC,0.297285808594483,-1.22377543162212,35.9632,1.1620789960576,0,0,0.952380952380952,71.4581209097951
CC1=CC=C(C=C1)CC=O,0.15964981752954,-0.788457360364266,41.4814,1.29832740381084,0,0,0.838095238095238,25.1449270324178
CCCCC1CCC(=O)O1,0.297285808594473,-1.22377543162211,38.4521,1.18792922387867,0,0,0.952380952380952,83.2292229063855
CCCCCC1CCC(=O)O1,0.297285808594481,-1.22377543162211,43.0531,1.18414226238651,0,0,0.952380952380952,83.2292229063855
CCCCCCCC1CCC(=O)O1,0.297285808594467,-1.22377543162211,52.2551,1.19431637303277,0,0,0.952380952380952,83.2292229063855
CCCCC(CC)CO,0.159649817529533,-0.788457360364267,40.4093,1.16004783027935,0,0,0.852380952380952,11.7711019965903
CCC1=CN=C(C=C1)C,0.203104095976488,-0.470003629245732,38.1348,1.26988167713969,0,0,0.838095238095238,0.0
CC1=CC=C(C=C1)OC,0.159649817529539,-0.78845736036427,37.5624,1.25790164111283,0,0,0.838095238095238,10.9998878876064
CC1CCCCCCCCCCCCC(=O)C1,0.159649817529554,-0.788457360364275,74.205,1.22187897793489,0,0,0.804761904761905,25.1449270324178
CCC(=O)OCC,0.297285808594473,-1.22377543162212,26.7877,1.12323910370914,0,0,0.952380952380952,71.4581209097951
CC(=O)CC(=O)OC,0.418249702467581,-1.52605630349505,27.308,1.1559211813666,0,0,0.952380952380952,61.2897419524419
CCC(C)OC(=O)C,0.297285808594475,-1.22377543162211,31.1032,1.15264339341327,0,0,0.952380952380952,95.0003249029758
CCCC(=O)OCC,0.297285808594479,-1.22377543162212,31.3887,1.15591532090615,0,0,0.952380952380952,71.4581209097951
CCOC(C)OCC,0.297285808594477,-1.22377543162212,33.2038,1.11546282532075,0,0,0.895238095238095,105.939917969313
CCCC(=O)OCCC,0.297285808594479,-1.22377543162212,35.9129,1.15650990683983,0,0,0.952380952380952,59.6870189132048
CC1=CC(=C(C=C1)O)C,0.159649817529534,-0.78845736036427,37.8345,1.27169489028976,0,0,0.814285714285714,42.6833431609212
CCC(=O)OCCC(C)C,0.297285808594482,-1.22377543162212,40.4615,1.16275415851328,0,0,0.952380952380952,59.6870189132048
C1CCCCCC(=O)OCCOC(=O)CCCCC1,0.526147639863743,-1.75785791755236,72.5152,1.17248645430282,0,0,0.976190476190476,72.2896298400484
NCl,0.30520268616977,-0.341672975020385,11.4204,1.03689173374052,0,0,0.657142857142857,0.0
CC(CCC=C(C)C)CCO,0.159649817529524,-0.788457360364262,50.4857,1.20580828367677,0,0,0.90952380952381,23.5422039931806
CC(CCC=C(C)C)CC=O,0.159649817529545,-0.788457360364279,49.2974,1.23808309485749,0,0,0.90952380952381,25.1449270324178
CC(=CCCC(=CC=O)C)C,0.159649817529551,-0.78845736036427,50.1992,1.2590369167213,0,0,0.938095238095238,25.1449270324178
CCCC(=O)OCCC(C)C,0.297285808594444,-1.22377543162212,45.0625,1.18170229558845,0,0,0.923809523809524,59.6870189132048
CCCCCCC(=O)OCC,0.297285808594494,-1.22377543162209,45.1917,1.17128377594895,0,0,0.923809523809524,71.4581209097951
CCCC(=O)OC(=O)CCC,0.41824970246758,-1.52605630349506,40.5378,1.16953765717085,0,0,0.952380952380952,61.2897419524419
CCCCCCCC(=O)OCC,0.297285808594467,-1.2237754316221,49.7927,1.17485352801948,0,0,0.923809523809524,71.4581209097951
CCCCCCCCCCCC(=O)OCC,0.297285808594462,-1.22377543162208,68.1967,1.18230874476421,0,0,0.711904761904762,71.4581209097951
CCCOC(=O)CC,0.297285808594471,-1.22377543162211,31.3119,1.12885048045985,0,0,0.952380952380952,59.6870189132048
CC1=CC=C(C=C1)O,0.15964981752954,-0.788457360364269,32.7933,1.26502044082474,0,0,0.785714285714286,42.6833431609212
C1=CC(=CC=C1Cl)Cl,0.233806499482463,0.325988906606371,35.6676,1.37163817558293,0,0,0.690476190476191,0.0
COC(=O)CCC(=O)OC,0.526147639863771,-1.75785791755238,33.0752,1.11596271694276,0,0,0.952380952380952,72.2896298400484
CCCCCC(=O)CC,0.159649817529533,-0.788457360364267,39.2516,1.178517106145,0,0,0.90952380952381,25.1449270324178
CCCCCCC(=O)OC,0.297285808594478,-1.22377543162212,40.4437,1.16200840290732,0,0,0.952380952380952,36.1448149200242
C=CC=O,0.159649817529538,-0.788457360364269,16.4411,1.23578713330027,0,0,0.723809523809524,25.1449270324178
CCCS,-0.083329607587005,0.331531479730043,23.6605,1.32155058706665,0,0,0.8,23.5422039931806
CCCN,0.203104095976481,-0.470003629245736,19.191,1.10020391916938,0,0,0.895238095238095,23.5422039931806
C=CCO,0.159649817529538,-0.78845736036427,17.424,1.14084251622547,0,0,0.923809523809524,0.0
C,0.159649817529537,-0.78845736036427,15.8415,1.21532362441403,0,0,0.8,0.0
COC=O,0.297285808594475,-1.22377543162212,12.8204,1.07862755211342,0,0,0.866666666666667,36.1448149200242
CC(CCCC(C)(C)O)CC=O,0.297285808594473,-1.22377543162212,50.2819,1.1884951289069,0,0,0.923809523809524,119.31374300514
CC(=CC=O)C,0.159649817529543,-0.788457360364271,26.3966,1.25837021124755,0,0,0.938095238095238,25.1449270324178
CCCC(=O)C,0.159649817529535,-0.788457360364268,25.4227,1.19982574005396,0,0,0.90952380952381,25.1449270324178
CCCC(=O)O,0.297285808594471,-1.22377543162212,21.8716,1.12177177949661,0,1,0.952380952380952,67.828270193339
C(CS)S,-0.160246349142099,0.580090458267647,26.8076,1.4613150471887,0,0,0.842857142857143,0.0
CC(C)CCS,-0.0833296075870107,0.331531479730046,32.8101,1.29434906584986,0,0,0.757142857142857,23.5422039931806
CCC(C)CC(=O)CC,0.159649817529537,-0.788457360364274,39.1992,1.18679871685634,0,0,0.90952380952381,25.1449270324178
CC1CCCCCCCCCCCCC(=O)C1,0.159649817529554,-0.788457360364275,74.205,1.22187897793489,0,0,0.804761904761905,25.1449270324178
CCN=C=S,0.129535921349034,-0.188055088641712,26.0771,1.33780388214243,0,0,0.838095238095238,35.313305989771
CC(C)(CCCC(=C)C=C)O,0.159649817529539,-0.788457360364273,49.3635,1.22600097879904,0,0,0.90952380952381,94.1688159727225
CCCCCC(C)O,0.159649817529524,-0.788457360364267,35.7547,1.15263799987849,0,0,0.852380952380952,58.8555099829516
CCCCSCCCC,-0.0833296075870042,0.33153147973006,46.9333,1.25049151053059,0,0,0.757142857142857,47.0844079863613
CC1C2CC2(CC1=O)C(C)C,0.159649817529547,-0.788457360364268,44.5396,1.22961301142656,0,0,0.90952380952381,25.1449270324178
CC(=O)CCC1=CC=C(C=C1)O,0.29728580859447,-1.22377543162211,47.2118,1.24256246636537,0,0,0.852380952380952,67.828270193339
CC(=O)C1=CC=CC=C1N,0.335257213064665,-1.02961941718115,41.1612,1.26571583646303,4,0,0.752380952380952,25.1449270324178
CCC(=O)OC,0.297285808594482,-1.22377543162212,22.0397,1.10490513014597,0,0,0.952380952380952,36.1448149200242
CCC(C)C(=O)OC,0.29728580859447,-1.22377543162211,31.2152,1.14951583359875,0,0,0.952380952380952,36.1448149200242
CC(C)CC(=O)OC,0.297285808594475,-1.22377543162212,31.1893,1.16851915477738,0,0,0.952380952380952,36.1448149200242
CN=C=S,0.129535921349035,-0.188055088641715,21.3291,1.38402154751048,0,0,0.8,0.0
CSC,0.129535921349036,-0.188055088641715,19.6888,1.37644545568212,0,0,0.8,0.0
CC(=CCO)C,0.159649817529537,-0.788457360364267,27.3795,1.19600616599053,0,0,0.90952380952381,0.0
CCC=CCCC=CC=O,0.159649817529539,-0.788457360364263,46.2362,1.24823765946625,0,0,0.938095238095238,25.1449270324178
CC1=CC(=C(O1)C)SC(=O)C2=CC=CO2,0.359351359142137,-1.43672603441858,58.3927,1.3389690670531,0,0,0.871428571428571,44.1596196049152
CCCC=CC=CC=O,0.159649817529537,-0.78845736036427,41.6352,1.24725545273523,0,0,0.938095238095238,25.1449270324178
CCCCC(CC)C(=O)O,0.297285808594479,-1.22377543162212,40.2491,1.15954726296143,0,1,0.952380952380952,67.828270193339
CC(C)C(=O)C,0.159649817529544,-0.78845736036427,25.3962,1.20561618314801,0,0,0.90952380952381,25.1449270324178
C=CCN=C=S,0.129535921349036,-0.18805508864172,30.4918,1.38545678998978,0,0,0.838095238095238,0.0
C1=CC=C(C=C1)C=CC=O,0.159649817529548,-0.788457360364266,42.2096,1.30159221238966,0,0,0.738095238095238,25.1449270324178
CCCCC1=C(SC=N1)C,0.129535921349039,-0.188055088641716,46.4721,1.32787931474982,0,0,0.938095238095238,0.0
CC1=C(C(=CC=C1)C)O,0.159649817529537,-0.788457360364269,37.8345,1.27080527142617,0,0,0.814285714285714,42.6833431609212
CCOC(=O)C(C(C(=O)OCC)O)O,0.712263297752192,-2.10413415427021,45.3978,1.09910040855805,0,0,1.0,142.91624181959
CC1CCCCC1=O,0.159649817529537,-0.788457360364267,32.8219,1.21980962686376,0,0,0.914285714285714,25.1449270324178
CCC(CC)O,0.159649817529536,-0.788457360364268,26.4759,1.10834226841347,0,0,0.852380952380952,47.0844079863613
CC(=CCC(CO)C(=C)C)C,0.159649817529548,-0.788457360364272,50.134,1.23445523934321,0,0,0.90952380952381,11.7711019965903
CCCCOCC1=CC=CC=C1,0.159649817529527,-0.788457360364294,51.4983,1.24959463228055,0,0,0.938095238095238,23.5422039931806
CC1=CC=C(C=C1)CO,0.159649817529539,-0.788457360364272,37.9151,1.25642849863056,0,0,0.838095238095238,0.0
CC(C)CC(=O)OCC(C)C,0.29728580859447,-1.22377543162212,44.9333,1.18607510769732,0,0,0.923809523809524,47.9159169166145
CCCCOC(=O)CC,0.297285808594467,-1.22377543162212,35.9129,1.14129354523064,0,0,0.952380952380952,59.6870189132048
CC(C)CC=O,0.15964981752954,-0.788457360364272,25.4948,1.21892329908279,0,0,0.90952380952381,25.1449270324178
CC1CCCC(C1)O,0.159649817529535,-0.788457360364273,33.8233,1.18229159684412,0,0,0.857142857142857,47.0844079863613
CCCCC(=O)C,0.159649817529533,-0.788457360364274,30.0237,1.20037634275696,0,0,0.90952380952381,25.1449270324178
CCCCC=CC=CC=O,0.159649817529527,-0.788457360364265,46.2362,1.2499880016025,0,0,0.938095238095238,25.1449270324178
CC1=NC=CN=C1C,0.371839380458506,-0.788457360364272,30.9272,1.27113452953335,0,0,0.828571428571429,0.0
CCCCOC=O,0.297285808594471,-1.22377543162212,26.6936,1.137352160218,0,0,0.952380952380952,59.6870189132048
C=CCSCC=C,-0.0833296075870025,0.331531479730045,37.5123,1.34864597263783,0,0,0.842857142857143,0.0
CCCCCC1CCCC(=O)O1,0.297285808594481,-1.22377543162213,47.6541,1.18400396780437,0,0,0.952380952380952,83.2292229063855
CC(CCC=C(C)C)CC=O,0.159649817529545,-0.788457360364279,49.2974,1.23808309485749,0,0,0.90952380952381,25.1449270324178
CCCCCCC(C)O,0.159649817529537,-0.788457360364261,40.3557,1.16833122745013,0,0,0.852380952380952,58.8555099829516
CC(C)C(C)O,0.159649817529543,-0.78845736036427,26.4235,1.14954739276736,0,0,0.852380952380952,47.0844079863613
CCCC(=O)OCC(COC(=O)CCC)OC(=O)CCC,0.712263297752149,-2.1041341542702,75.6543,1.15607482654192,0,0,0.857142857142857,108.434444760073
C1=CC=C(C=C1)CCO,0.159649817529543,-0.788457360364267,37.6285,1.2556224330548,0,0,0.838095238095238,23.5422039931806
CCOCC,0.159649817529536,-0.788457360364267,22.5085,1.10897713905696,0,0,0.895238095238095,70.6266119795419
CCC(=O)C(=O)C,0.297285808594475,-1.22377543162212,26.1677,1.17673867243532,0,0,0.952380952380952,50.2898540648355
CCCC(C)O,0.159649817529538,-0.78845736036427,26.5527,1.14578018793904,0,0,0.852380952380952,58.8555099829516
CCCCCCC=CC=O,0.159649817529539,-0.788457360364278,45.1196,1.22492391669702,0,0,0.938095238095238,25.1449270324178
C1=CC=C(C=C1)C(=O)CN,0.335257213064668,-1.02961941718116,39.9707,1.24228802886533,3,0,0.752380952380952,25.1449270324178
CCOC(=O)C1=CC=CO1,0.418249702467579,-1.52605630349505,34.7244,1.23798034506866,0,0,0.852380952380952,80.9654671960438
CCC(C)CO,0.159649817529544,-0.788457360364273,26.6063,1.13194702887231,0,0,0.852380952380952,11.7711019965903
CCC(C=C)O,0.159649817529531,-0.788457360364269,26.3664,1.16431733703458,0,0,0.90952380952381,23.5422039931806
CC(=O)OC1CCCCC1,0.297285808594485,-1.22377543162212,38.4262,1.16987734640284,0,0,0.952380952380952,83.2292229063855
C1=CC(=CC=C1CO)O,0.297285808594474,-1.22377543162212,34.568,1.21126290939195,0,0,0.752380952380952,42.6833431609212
CC(=O)OCC1=CC=CO1,0.418249702467594,-1.52605630349505,34.4163,1.23084694882375,0,0,0.852380952380952,45.6521612062729
C1=COC(=C1)C=CC=O,0.297285808594474,-1.22377543162211,34.6005,1.29831114028705,0,0,0.752380952380952,34.6522733186665
CCCC(=O)OC,0.29728580859448,-1.22377543162211,26.6407,1.14030841824337,0,0,0.952380952380952,36.1448149200242
CCCCCCCC(=O)OCCC,0.297285808594494,-1.22377543162212,54.3169,1.17341460360563,0,0,0.9,59.6870189132048
CCCCC(=O)OC,0.297285808594482,-1.22377543162212,31.2417,1.14896660248199,0,0,0.952380952380952,36.1448149200242
CCCCCOC(=O)CC,0.297285808594483,-1.22377543162211,40.5139,1.15021680176936,0,0,0.952380952380952,59.6870189132048
CCSC,-0.0833296075870038,0.331531479730042,23.9349,1.29232820154432,0,0,0.8,35.313305989771
CSSC,-0.160246349142098,0.580090458267648,26.9804,1.3962495754523,0,0,0.842857142857143,0.0
CCSC(=O)C,0.0826853666186052,-0.59161266973565,28.6041,1.28499258910486,0,0,0.938095238095238,60.4582330221887
CC(C)SC(C)C,-0.0833296075869927,0.331531479730041,37.5193,1.31192278410402,0,0,0.757142857142857,141.253223959084
CC1=CC=C(O1)C,0.159649817529533,-0.788457360364272,28.2534,1.29668600501849,0,0,0.814285714285714,9.50734628624871
CCCC(C)OC(=O)C,0.297285808594475,-1.22377543162212,35.7042,1.17100811702436,0,0,0.952380952380952,95.0003249029758
CCCCC(C)O,0.159649817529545,-0.788457360364269,31.1537,1.15600273374626,0,0,0.852380952380952,58.8555099829516
CCCCCCCCCCC(=O)OCC,0.297285808594499,-1.22377543162212,63.5957,1.1831490766498,0,0,0.792857142857143,71.4581209097951
CCCCCOC(=O)C,0.297285808594464,-1.22377543162212,35.887,1.16255610468399,0,0,0.952380952380952,59.6870189132048
CCCCCCCC(C)O,0.159649817529557,-0.788457360364278,44.9567,1.1734981888383,0,0,0.852380952380952,58.8555099829516
CCCSSCCC,-0.160246349142088,0.58009045826765,45.5248,1.32248914255443,0,0,0.785714285714286,47.0844079863613
CCCCCCCCCCCCC,0.0,0.0,61.6152,1.20527571952827,0,0,0.588095238095238,0.0
CCCCCC1CCC(=O)O1,0.297285808594481,-1.22377543162211,43.0531,1.18414226238651,0,0,0.952380952380952,83.2292229063855
CCC(=O)OC(C)C,0.297285808594473,-1.22377543162211,31.2059,1.14710439044092,0,0,0.952380952380952,106.771426899566
CC1=CC=C(S1)C,-0.0833296075870009,0.331531479730038,34.6967,1.4168376220836,0,0,0.719047619047619,0.0
CCCC(=O)OC(C)C,0.297285808594478,-1.22377543162212,35.8069,1.17449718654793,0,0,0.952380952380952,106.771426899566
CCCCCOC=O,0.297285808594489,-1.22377543162212,31.2946,1.15240463882381,0,0,0.952380952380952,59.6870189132048
COC1=C(C=C(C=C1)C=C)OC,0.297285808594479,-1.22377543162211,48.6707,1.24257633976873,0,0,0.852380952380952,21.9997757752129
CC(=C)C1CC(CCC1(C)C=C)C(C)(C)O,0.159649817529536,-0.788457360364284,70.2064,1.24054754521473,0,0,0.885714285714286,82.3977139761322
C1=CC=C(C=C1)CCN,0.203104095976478,-0.470003629245731,39.286,1.26600163782872,0,0,0.838095238095238,23.5422039931806
CCO,0.159649817529538,-0.78845736036427,13.0093,1.0599973669181,0,0,0.871428571428571,35.313305989771
C(=O)O,0.297285808594476,-1.22377543162212,8.0513,1.02418801379469,0,1,0.7,67.828270193339
CC(=O)O,0.297285808594476,-1.22377543162212,12.6437,1.07621163489692,0,1,0.842857142857143,67.828270193339
CCCOC(=O)C(C)C,0.297285808594478,-1.22377543162211,35.8864,1.16152758888274,0,0,0.952380952380952,59.6870189132048
CC(C)CCC(=O)O,0.297285808594478,-1.22377543162211,31.0212,1.15290184145225,0,1,0.952380952380952,67.828270193339
CC1=CCC(CC1=O)C(=C)C,0.159649817529537,-0.788457360364268,47.1735,1.27846966374891,0,0,0.938095238095238,25.1449270324178
CC1CCC2(O1)C(CCCC2(C)O)(C)C,0.297285808594489,-1.22377543162212,60.7431,1.20668116195272,0,0,0.947619047619048,141.253223959084
CC(C)CCOC(=O)CC(C)C,0.297285808594491,-1.22377543162211,49.6111,1.19708535363071,0,0,0.923809523809524,59.6870189132048
CCCCCC=CC=CC=O,0.159649817529527,-0.788457360364272,50.8372,1.24652870597378,0,0,0.938095238095238,25.1449270324178
CCCCCC=O,0.159649817529533,-0.788457360364268,30.1482,1.1827945557461,0,0,0.90952380952381,25.1449270324178
CC(C)O,0.159649817529537,-0.788457360364271,17.4275,1.1182085375295,0,0,0.871428571428571,70.6266119795419
CC(=O)C,0.159649817529537,-0.788457360364271,16.1948,1.19513777366273,0,0,0.9,25.1449270324178
CCCC=CC=O,0.15964981752954,-0.788457360364271,31.3166,1.22786999178455,0,0,0.938095238095238,25.1449270324178
CCC=CCC=O,0.159649817529542,-0.78845736036427,31.2648,1.22107545200645,0,0,0.938095238095238,25.1449270324178
CC1C(C2=C(C1(C)C)C=C(C(=C2)C(=O)C)C)C(C)C,0.15964981752953,-0.78845736036427,81.6537,1.28683610585652,0,0,0.854761904761905,25.1449270324178
C1=CC=C(C(=C1)C(=O)O)O,0.418249702467579,-1.52605630349505,34.5105,1.20723286407428,0,1,0.752380952380952,110.51161335426
CC1=CCCC(C1C=CC(=O)C)(C)C,0.159649817529548,-0.788457360364265,62.1638,1.267326559195,0,0,0.938095238095238,25.1449270324178
CCCCCCCCC(=O)C,0.159649817529545,-0.788457360364272,48.4277,1.19998039507915,0,0,0.880952380952381,25.1449270324178
CCCCCC1CCCC(=O)O1,0.297285808594481,-1.22377543162213,47.6541,1.18400396780437,0,0,0.952380952380952,83.2292229063855
CCCCCCC1CCC(=O)O1,0.297285808594475,-1.22377543162211,47.6541,1.193125983097,0,0,0.952380952380952,83.2292229063855
CCCO,0.159649817529537,-0.788457360364271,17.5335,1.06803231148173,0,0,0.895238095238095,23.5422039931806
CCCCO,0.159649817529539,-0.788457360364268,22.1345,1.11519710207009,0,0,0.895238095238095,23.5422039931806
CCCCCO,0.159649817529536,-0.788457360364268,26.7355,1.13449535399773,0,0,0.852380952380952,23.5422039931806
C1=CC=CC=C1,0.0,0.0,26.058,1.31632994397481,0,0,0.690476190476191,0.0
CCCCCCC1CCCC(=O)O1,0.297285808594478,-1.22377543162212,52.2551,1.18878453772256,0,0,0.952380952380952,83.2292229063855
CI,-0.0745507312642962,0.513422249613257,19.6429,2.0199,0,0,0.661904761904762,0.0
CN,0.203104095976483,-0.470003629245736,9.9188,0.964182847661795,0,0,0.857142857142857,0.0
CS,-0.0833296075870042,0.331531479730042,14.3883,1.32385,0,0,0.776190476190476,0.0
CCC(C)C(=O)OCC,0.297285808594483,-1.22377543162212,35.9632,1.1620789960576,0,0,0.952380952380952,71.4581209097951
CCCCCCCC1CCC(=O)O1,0.297285808594467,-1.22377543162211,52.2551,1.19431637303277,0,0,0.952380952380952,83.2292229063855
CCCCCCCCC(=O)OCC=C,0.297285808594473,-1.22377543162211,58.8084,1.19177212935463,0,0,0.904761904761905,36.1448149200242
C=CCCCCCCCCC(=O)OCC=C,0.297285808594431,-1.22377543162212,68.0545,1.21459146760052,0,0,0.857142857142857,36.1448149200242
CCN,0.203104095976483,-0.470003629245735,14.6668,1.09644860789221,0,0,0.871428571428571,35.313305989771
CC=O,0.159649817529536,-0.78845736036427,11.7183,1.17740992719691,0,0,0.8,25.1449270324178
CCS,-0.0833296075870038,0.331531479730043,19.1363,1.3588263210464,0,0,0.776190476190476,35.313305989771
CSC,-0.0833296075870033,0.331531479730042,19.1869,1.30407829969077,0,0,0.776190476190476,0.0
CC(C)N,0.203104095976485,-0.470003629245736,19.085,1.15052846216891,0,0,0.871428571428571,70.6266119795419
CC(C)S,-0.0833296075870042,0.331531479730042,23.5545,1.36669145870873,0,0,0.776190476190476,70.6266119795419
CN(C)C,0.203104095976484,-0.470003629245735,19.9881,1.18151449442665,0,0,0.871428571428571,0.0
CC(C)(C)O,0.15964981752954,-0.78845736036427,22.0651,1.14751885428663,0,0,0.871428571428571,105.939917969313
CC(C)(C)S,-0.0833296075870062,0.33153147973004,28.1921,1.35625832628426,0,0,0.79047619047619,105.939917969313
CC(CCC=C(C)C)CCO,0.159649817529524,-0.788457360364262,50.4857,1.20580828367677,0,0,0.90952380952381,23.5422039931806
CCCCC(=O)OCCC(C)CCC=C(C)C,0.297285808594526,-1.22377543162213,73.4661,1.2086234191492,0,0,0.923809523809524,59.6870189132048
CC1(C2CCC1(C(=O)C2)C)C,0.15964981752954,-0.788457360364281,44.492,1.25380075162071,0,0,0.885714285714286,25.1449270324178
N,,,,,0,0,0.633333333333333,0.0
CCOC(=O)C1C(O1)(C)C2=CC=CC=C2,0.418249702467573,-1.52605630349505,55.386,1.21381945696905,0,0,1.0,106.771426899566
CCOC(=O)CC(CC(=O)OCC)(C(=O)OCC)O,0.793761450592544,-2.24070968927596,64.1752,1.13882426638764,0,0,0.857142857142857,214.374362729385
CC1N=C(CO1)C,0.335257213064668,-1.02961941718116,27.435,1.20650402404375,2,0,0.928571428571429,35.313305989771
CCCCOC(=O)C1=CC=CC=C1N,0.451966941759594,-1.38629436111989,56.1591,1.22065190762924,8,0,0.952380952380952,59.6870189132048
CCC(=O)C=CC1C(=CCCC1(C)C)C,0.159649817529533,-0.78845736036427,66.7907,1.25428836748149,0,0,0.985714285714286,25.1449270324178
ClCl,0.233806499482463,0.325988906606368,12.2726,1.2386,0,0,0.719047619047619,0.0
S,,,9.4916,,0,0,0.633333333333333,0.0
COC1=C(C=CC(=C1)C=C)O,0.297285808594474,-1.22377543162212,43.9016,1.24054660409237,0,0,0.752380952380952,53.6832310485276
CC1(C2CCC(C2)(C1=O)C)C,0.159649817529543,-0.788457360364274,44.5438,1.25813817679817,0,0,0.885714285714286,25.1449270324178
CC1=CC(=O)CC(C1)(C)C,0.159649817529531,-0.788457360364268,42.7215,1.27702322097691,0,0,0.914285714285714,25.1449270324178
CC(=CCCC(C)(C=C)O)C,0.159649817529539,-0.788457360364272,50.2056,1.22405028560577,0,0,0.90952380952381,58.8555099829516
CC(C)CN,0.203104095976482,-0.470003629245735,23.6628,1.13339760202072,0,0,0.895238095238095,11.7711019965903
CC(C)CO,0.159649817529536,-0.788457360364268,22.0053,1.12025657525195,0,0,0.895238095238095,11.7711019965903
CC(C)C=O,0.159649817529539,-0.78845736036427,20.9197,1.19635669894758,0,0,0.923809523809524,25.1449270324178
CC(=C)C=O,0.159649817529538,-0.788457360364272,20.7231,1.256612164565,0,0,0.823809523809524,25.1449270324178
CCC(C)O,0.159649817529541,-0.788457360364269,21.9517,1.10315708605087,0,0,0.895238095238095,58.8555099829516
CCC(=O)C,0.159649817529537,-0.788457360364273,20.8217,1.16048028627951,0,0,0.923809523809524,25.1449270324178
CC(CN)O,0.335257213064665,-1.02961941718116,20.6293,1.05816136968358,3,0,0.895238095238095,35.313305989771
CC(=O)C=O,0.297285808594476,-1.22377543162212,17.0643,1.18805379739633,0,0,0.752380952380952,50.2898540648355
CCC(=O)O,0.297285808594478,-1.22377543162212,17.2706,1.06769276509349,0,1,0.938095238095238,67.828270193339
CC(=O)OC,0.297285808594478,-1.22377543162212,17.4128,1.112266521553,0,0,0.938095238095238,36.1448149200242
CC(C)C(=O)O,0.297285808594476,-1.22377543162212,21.8451,1.12863181935371,0,1,0.952380952380952,67.828270193339
CC(C(=O)O)S,0.230556011029667,-1.10090964771679,25.0413,1.21646204283951,0,1,0.952380952380952,103.14157618311
CC1=C(C(CCC1)(C)C)C=CC(=O)C,0.159649817529524,-0.788457360364268,61.8972,1.26724050815616,0,0,0.938095238095238,25.1449270324178
CC1(C2CCC(C2)C1=C)C,0.0,0.0,43.6498,1.28754132391287,0,0,0.747619047619048,0.0
CC(=C)C(=O)OC,0.297285808594476,-1.22377543162212,26.4176,1.18908936023687,0,0,0.952380952380952,36.1448149200242
CC1=C(C(=O)CC1)O,0.297285808594477,-1.22377543162212,30.7023,1.19759430631906,0,0,0.857142857142857,67.828270193339
CC1=C(C(=C(C(=C1[N+](=O)[O-])C(C)(C)C)[N+](=O)[O-])C)[N+](=O)[O-],0.998497250665137,-2.30258509299405,76.7804,1.21416322069522,60,0,0.876190476190476,0.0
CCCCCCCC(=O)C,0.159649817529533,-0.788457360364283,43.8267,1.20468077630993,0,0,0.90952380952381,25.1449270324178
CC1=CNC2=CC=CC=C12,0.203104095976488,-0.47000362924573,42.1857,1.34599829808121,0,0,0.785714285714286,0.0
CC1=C(C=C(C(=C1[N+](=O)[O-])OC)C(C)(C)C)[N+](=O)[O-],0.839798380885644,-2.10413415427021,70.8777,1.21178527340281,28,0,0.928571428571429,10.9998878876064
CCC(C)C(=O)OC,0.29728580859447,-1.22377543162211,31.2152,1.14951583359875,0,0,0.952380952380952,36.1448149200242
CC(C)COC(=O)C1=CC=CC=C1O,0.418249702467603,-1.52605630349505,53.0236,1.21741872384148,0,0,0.952380952380952,90.5992600775357
CCOC(=O)C1=CC=CC=C1N,0.451966941759569,-1.3862943611199,47.0339,1.22562864843031,8,0,0.852380952380952,71.4581209097951
COC1=C(C=C(C=C1Cl)Cl)Cl,0.449928464814679,-0.483598301511505,46.9356,1.33327868898411,0,0,0.857142857142857,10.9998878876064
CCOC(=O)C(C(C(=O)OCC)O)O,0.712263297752192,-2.10413415427021,45.3978,1.09910040855805,0,0,1.0,142.91624181959
C=CCS,-0.0833296075870062,0.331531479730042,23.551,1.38774236870024,0,0,0.828571428571429,0.0
CC1CCOC(C1)C=C(C)C,0.159649817529534,-0.788457360364263,48.4907,1.22653833317681,0,0,0.90952380952381,47.0844079863613
CC(=O)C1=CC=CS1,0.0826853666186061,-0.591612669735648,35.295,1.38219298173878,0,0,0.80952380952381,25.1449270324178
C1=CC=C(C=C1)SSC2=CC=CC=C2,-0.160246349142088,0.580090458267655,66.5356,1.40172319026843,0,0,0.726190476190476,0.0
CC1CCC(=C(C)C)C(=O)C1,0.159649817529548,-0.78845736036427,47.1294,1.25156494110814,0,0,0.914285714285714,25.1449270324178
CC1=CC(=C(C=C1)C(C)C)O,0.15964981752954,-0.788457360364263,46.9841,1.268064993124,0,0,0.938095238095238,42.6833431609212
C1=CC=C(C(=C1)C=O)O,0.297285808594484,-1.22377543162212,34.3431,1.25386415683679,0,0,0.752380952380952,67.828270193339
COC1=CC=CC=C1O,0.297285808594471,-1.22377543162212,34.2153,1.21618759130394,0,0,0.752380952380952,53.6832310485276
CC1=CC=CC2=CC=CC=C12,0.0,0.0,47.5494,1.34905618842821,0,0,0.690476190476191,0.0
C1=CC=C(C=C1)C(C(=O)C2=CC=CC=C2)O,0.29728580859447,-1.22377543162211,62.596,1.27722206361033,0,0,0.8,25.1449270324178
C1=CC=C2C=CC=CC2=C1,0.0,0.0,42.5082,1.36200367642961,0,0,0.690476190476191,0.0
C1=CC=C2C(=C1)C=CC=N2,0.203104095976484,-0.470003629245733,39.9793,1.33793568095714,0,0,0.714285714285714,0.0
CC1=CC2=C(C=C1)N=CC=C2,0.203104095976477,-0.470003629245733,45.0205,1.33531930359124,0,0,0.785714285714286,0.0
C1=CC=C2C(=C1)C=CC(=O)O2,0.297285808594482,-1.22377543162211,41.6237,1.27855817379981,0,0,0.7,36.1448149200242
C1=CC=C(C=C1)C2=CC=CC=C2,0.0,0.0,51.1942,1.33611108202797,0,0,0.714285714285714,0.0
COC1=CC2=CC=CC=C2C=C1,0.159649817529536,-0.788457360364275,48.9714,1.30964312986531,0,0,0.80952380952381,10.9998878876064
COC1=C(C=C(C=C1)CC=C)OC,0.297285808594478,-1.22377543162212,53.2717,1.24819621723842,0,0,0.952380952380952,21.9997757752129
CCOC1=CC2=CC=CC=C2C=C1,0.159649817529533,-0.788457360364281,53.7194,1.30536285042213,0,0,0.838095238095238,46.3131938773774
COC(=O)C1=CC=CC=C1,0.297285808594486,-1.22377543162212,37.5855,1.23649344923143,0,0,0.752380952380952,36.1448149200242
CCOC(=O)C1=CC=CC=C1,0.297285808594493,-1.22377543162211,42.3335,1.23897896765926,0,0,0.852380952380952,71.4581209097951
CC(C1=CC=CC=C1)OC(=O)C,0.297285808594487,-1.22377543162212,46.4436,1.24140734108436,0,0,0.852380952380952,71.4581209097951
CCCOC(=O)C1=CC=C(C=C1)O,0.418249702467603,-1.52605630349505,48.5518,1.21133356072474,0,0,0.952380952380952,102.370362074126
CCCCOC(=O)C1=CC=C(C=C1)O,0.418249702467592,-1.52605630349504,53.1528,1.21171496175257,0,0,0.952380952380952,102.370362074126
C1=CC=C(C=C1)CCOC(=O)C2=CC=CC=C2,0.297285808594478,-1.22377543162212,66.9527,1.27862256297376,0,0,0.871428571428571,59.6870189132048
C=CCC1=CC2=C(C=C1)OCO2,0.297285808594467,-1.22377543162212,46.1122,1.27502547963954,0,0,0.852380952380952,21.9997757752129
CCOC(=O)CCSCC1=CC=CO1,0.359351359142146,-1.43672603441857,56.4915,1.26358988917132,0,0,1.0,80.9654671960438
CC1=CC=CC=C1C,0.0,0.0,36.1404,1.32346445924426,0,0,0.719047619047619,0.0
CC1=CC=CC=C1O,0.159649817529539,-0.788457360364271,32.7933,1.27118837976231,0,0,0.785714285714286,42.6833431609212
C1=CC=C(C(=C1)O)Br,0.198850858745168,-0.574926549172509,35.3749,1.35077428814388,0,0,0.714285714285714,42.6833431609212
C1=CC=C(C(=C1)O)Cl,0.266049772324668,-0.696790535474746,32.5569,1.29621092700876,0,0,0.714285714285714,42.6833431609212
CC1=CC(=C(C=C1)C)C,0.0,0.0,41.1816,1.32113002932451,0,0,0.719047619047619,0.0
CC1=C(C=C(C=C1)O)C,0.159649817529535,-0.788457360364271,37.8345,1.27216660359633,0,0,0.814285714285714,42.6833431609212
CC1=CC(=C(C=C1)C)O,0.159649817529535,-0.788457360364272,37.8345,1.27468237413944,0,0,0.814285714285714,42.6833431609212
CC1=CC(=C(C=C1C)C)C,0.0,0.0,46.2228,1.31512588762007,0,0,0.747619047619048,0.0
CCC(=O)CC,0.159649817529528,-0.788457360364272,25.4486,1.15132231582955,0,0,0.90952380952381,25.1449270324178
C1CC(=O)OC1,0.297285808594477,-1.22377543162212,20.3077,1.165680423896,0,0,0.928571428571429,59.6870189132048
CCC(=O)OC1CC(CC=C1C)C(=C)C,0.297285808594436,-1.22377543162212,61.7738,1.22801317734337,0,0,1.0,59.6870189132048
COC1=C(C=CC(=C1)CC=C)O,0.297285808594475,-1.22377543162212,48.5026,1.24718953033913,0,0,0.852380952380952,53.6832310485276
CCOC(=O)C(C)C,0.297285808594471,-1.22377543162211,31.3622,1.16062482910575,0,0,0.952380952380952,71.4581209097951
CCOC(=O)C(=C)C,0.297285808594474,-1.22377543162212,31.1656,1.19849687994628,0,0,0.952380952380952,71.4581209097951
CCOC(=O)C(C)O,0.418249702467581,-1.52605630349505,28.4314,1.11337430447216,0,0,0.952380952380952,106.771426899566
CC(C)COC(=O)C(C)C,0.297285808594479,-1.22377543162212,40.3582,1.17421938508673,0,0,0.952380952380952,47.9159169166145
CCCCOC(=O)C(C)C,0.297285808594479,-1.22377543162211,40.4874,1.16666932393089,0,0,0.952380952380952,59.6870189132048
CCC(CC)CO,0.159649817529539,-0.788457360364269,31.2073,1.13659700457511,0,0,0.852380952380952,11.7711019965903
C1CC(OC1)CO,0.297285808594478,-1.22377543162211,26.5152,1.14050528210588,0,0,0.952380952380952,47.0844079863613
C1=COC(=C1)CO,0.297285808594473,-1.22377543162212,25.2648,1.24120516838256,0,0,0.752380952380952,9.50734628624871
C1=COC(=C1)C=O,0.297285808594474,-1.22377543162212,25.0399,1.29637491015153,0,0,0.723809523809524,34.6522733186665
CC(C)(C)C1=CC=C(C=C1)O,0.159649817529543,-0.788457360364268,46.418,1.26462425226741,0,0,0.938095238095238,42.6833431609212
CC(C)C1=CC=CC=C1,0.0,0.0,40.2488,1.29002486337394,0,0,0.742857142857143,0.0
CC(=O)C1=CC=CC=C1,0.15964981752954,-0.788457360364274,36.4608,1.28639911636188,0,0,0.80952380952381,25.1449270324178
CC1=CCC(CC1O)C(=C)C,0.159649817529537,-0.788457360364273,47.9954,1.24755784939507,0,0,0.938095238095238,23.5422039931806
CC1=CC=C(C=C1)C(=O)OC,0.297285808594466,-1.22377543162211,42.6267,1.24796395227514,0,0,0.852380952380952,36.1448149200242
CC1=CCC(=CC1)C(C)C,0.0,0.0,47.5528,1.27387545983427,0,0,0.842857142857143,0.0
CC1=CC=C(CC1)C(C)C,0.0,0.0,47.5528,1.2672004806088,0,0,0.842857142857143,0.0
CC1=CC=C(C=C1)C(C)C,0.0,0.0,45.29,1.29854136916682,0,0,0.771428571428571,0.0
CCCCCCC1CCC(=O)O1,0.297285808594475,-1.22377543162211,47.6541,1.193125983097,0,0,0.952380952380952,83.2292229063855
CC(C)CC(=O)C,0.159649817529539,-0.788457360364269,29.9713,1.22375011766383,0,0,0.90952380952381,25.1449270324178
CC(C)CC(C)O,0.159649817529543,-0.788457360364268,31.1013,1.17780003452322,0,0,0.852380952380952,58.8555099829516
CC(C)OC(=O)C,0.297285808594481,-1.22377543162212,26.579,1.16424019123647,0,0,0.952380952380952,106.771426899566
CC(=O)OC(=O)C,0.418249702467582,-1.52605630349505,22.082,1.14565265347344,0,0,0.952380952380952,61.2897419524419
CC1=CC(=CC=C1)C,0.0,0.0,36.1404,1.32768618034732,0,0,0.719047619047619,0.0
C1=CC(=CC(=C1)O)O,0.297285808594481,-1.22377543162211,29.4462,1.22322499863694,0,0,0.728571428571429,85.3666863218424
CC1=NC(=CC=C1)C,0.203104095976487,-0.470003629245734,33.0841,1.29920542378799,0,0,0.814285714285714,0.0
CCOC(=O)CC(C)C,0.297285808594474,-1.22377543162211,35.9373,1.17930329913263,0,0,0.952380952380952,71.4581209097951
CC(C)CC(=O)CC(C)C,0.15964981752953,-0.788457360364279,43.7478,1.23508890336686,0,0,0.90952380952381,25.1449270324178
CC(C)CC(C)OC(=O)C,0.297285808594469,-1.22377543162212,40.2528,1.19115138695175,0,0,0.952380952380952,95.0003249029758
CC1=CC=CC=C1,0.0,0.0,31.0992,1.32314460027552,0,0,0.690476190476191,0.0
C1CCC(CC1)O,0.159649817529535,-0.78845736036427,29.2747,1.14919169260057,0,0,0.857142857142857,47.0844079863613
C1CCC(=O)CC1,0.159649817529531,-0.788457360364272,28.2474,1.19747223247157,0,0,0.914285714285714,25.1449270324178
C1=CC=C(C=C1)O,0.15964981752954,-0.78845736036427,27.7521,1.26408220335763,0,0,0.714285714285714,42.6833431609212
C1=CC=C(C=C1)S,-0.0833296075870066,0.331531479730045,34.1659,1.40220737295674,0,0,0.690476190476191,0.0
CC1=CC=CC=N1,0.203104095976484,-0.470003629245737,28.4926,1.29490182095282,0,0,0.785714285714286,0.0
CCCCOC(=O)CC(C)C,0.29728580859446,-1.22377543162211,45.0625,1.18132852493392,0,0,0.923809523809524,59.6870189132048
CCCCOC(=O)CCC,0.297285808594474,-1.22377543162211,40.5139,1.16283997180207,0,0,0.952380952380952,59.6870189132048
CCCCC(=O)O,0.297285808594482,-1.22377543162212,26.4726,1.13287306942162,0,1,0.952380952380952,67.828270193339
CCCOC(=O)C,0.297285808594479,-1.22377543162211,26.685,1.14014429515291,0,0,0.952380952380952,59.6870189132048
CCCCN,0.203104095976484,-0.470003629245738,23.792,1.13297866644351,0,0,0.895238095238095,23.5422039931806
CCCCS,-0.0833296075870001,0.331531479730038,28.2615,1.27923785331377,0,0,0.814285714285714,23.5422039931806
C(CS)CS,-0.160246349142095,0.580090458267648,31.673,1.39808522520339,0,0,0.842857142857143,23.5422039931806
CCNCC,0.203104095976488,-0.470003629245731,24.1894,1.12928118155995,0,0,0.895238095238095,70.6266119795419
CCOC=O,0.297285808594472,-1.22377543162212,17.5684,1.11606192080999,0,0,0.938095238095238,71.4581209097951
CCON=O,0.451966941759583,-1.38629436111989,17.2562,1.07480445087862,0,0,0.938095238095238,71.9055267613669
C1=COC=C1,0.159649817529537,-0.788457360364271,18.5714,1.33163150764218,0,0,0.7,9.50734628624871
C1CCSC1,-0.0833296075870058,0.331531479730043,26.7271,1.33210188439239,0,0,0.819047619047619,47.0844079863613
C1=CSC=C1,-0.0833296075870029,0.331531479730042,25.0147,1.47627593269521,0,0,0.690476190476191,0.0
CC(C)COC(=O)C,0.29728580859447,-1.22377543162211,31.1568,1.15627624937391,0,0,0.952380952380952,47.9159169166145
CCCCCCCCCC(=O)OCC,0.297285808594457,-1.22377543162213,58.9947,1.18079045818673,0,0,0.888095238095238,71.4581209097951
CCCCCC(=O)C,0.159649817529539,-0.788457360364269,34.6247,1.19041317891565,0,0,0.90952380952381,25.1449270324178
CCCCCC,0.0,0.0,29.4082,1.19610133843104,0,0,0.757142857142857,0.0
CCCCCN,0.203104095976478,-0.470003629245736,28.393,1.1521459741864,0,0,0.852380952380952,23.5422039931806
C(CCN)CN,0.371839380458504,-0.788457360364269,27.3778,1.10650253706141,0,0,0.895238095238095,47.0844079863613
CCCCC=O,0.159649817529543,-0.788457360364269,25.5472,1.19268374482247,0,0,0.90952380952381,25.1449270324178
CCCCCS,-0.0833296075869985,0.331531479730041,32.8625,1.28427624370091,0,0,0.757142857142857,23.5422039931806
CCCOC=O,0.297285808594473,-1.22377543162212,22.0926,1.1242128789779,0,0,0.952380952380952,59.6870189132048
CCSSCC,-0.160246349142103,0.58009045826765,36.4764,1.35971453100608,0,0,0.785714285714286,70.6266119795419
C1CNCCN1,0.371839380458503,-0.788457360364274,25.4488,1.1074664513956,0,0,0.9,0.0
C1=CC=NC=C1,0.20310409597648,-0.470003629245733,23.9011,1.28697843462506,0,0,0.714285714285714,0.0
C1CCNCC1,0.203104095976481,-0.470003629245738,26.8346,1.13757107106377,0,0,0.857142857142857,47.0844079863613
CC(=CCCC(=O)C)C,0.159649817529542,-0.788457360364267,40.0233,1.23587368271995,0,0,0.938095238095238,25.1449270324178
CCCCCC,0.297285808594465,-1.22377543162211,44.4579,1.20787534035417,0,0,0.952380952380952,36.1448149200242
CCCCCCC(=O)C,0.159649817529531,-0.788457360364273,39.2257,1.20384777895266,0,0,0.90952380952381,25.1449270324178
CCCCCCC(=O)O,0.297285808594474,-1.22377543162211,35.6746,1.15168456901372,0,1,0.952380952380952,67.828270193339
CCOCCOC(=O)C,0.418249702467576,-1.52605630349504,33.2043,1.12431053307182,0,0,0.952380952380952,71.4581209097951
C(CCCCC(=O)O)CCCC(=O)O,0.526147639863771,-1.75785791755236,51.143,1.13917398904784,0,2,0.976190476190476,135.656540386678
CCCCCCN,0.203104095976477,-0.470003629245731,32.994,1.15327303415447,0,0,0.852380952380952,23.5422039931806
CCCCCCO,0.159649817529551,-0.788457360364268,31.3365,1.13640295124021,0,0,0.852380952380952,23.5422039931806
C(CC=O)CC=O,0.297285808594475,-1.22377543162211,26.2872,1.1907833428737,0,0,0.952380952380952,50.2898540648355
CCCCCCS,-0.0833296075870156,0.331531479730042,37.4635,1.27503857478956,0,0,0.757142857142857,23.5422039931806
CCOCCCO,0.297285808594475,-1.22377543162211,28.9182,1.0879465237357,0,0,0.895238095238095,58.8555099829516
CCCSCCC,-0.0833296075870058,0.331531479730041,37.7313,1.27060677119128,0,0,0.757142857142857,47.0844079863613
CC(=O)OCCOC(=O)C,0.526147639863772,-1.75785791755237,32.8566,1.12590804711329,0,0,0.952380952380952,72.2896298400484
CCCCCCCC,0.0,0.0,38.6102,1.19444890940725,0,0,0.721428571428571,0.0
CCCCCCC=C,0.0,0.0,38.6543,1.23605065611615,0,0,0.814285714285714,0.0
CCCCCCCO,0.159649817529536,-0.788457360364267,35.9375,1.15275861916311,0,0,0.852380952380952,23.5422039931806
CCCCCCC=O,0.159649817529531,-0.788457360364277,34.7492,1.19811846545296,0,0,0.90952380952381,25.1449270324178
COCCOCCO,0.41824970246758,-1.52605630349505,30.3483,1.08306114945501,0,0,0.90952380952381,0.0
CCCCCCCCCCCC(=O)OC,0.297285808594504,-1.22377543162213,63.4487,1.17754611327443,0,0,0.792857142857143,36.1448149200242
CCCCCCCCC,0.0,0.0,43.2112,1.20210550096337,0,0,0.697619047619048,0.0
CCCCCCCCO,0.159649817529545,-0.788457360364267,40.5385,1.16117533391839,0,0,0.852380952380952,23.5422039931806
CCCCCCCCS,-0.0833296075870074,0.33153147973004,46.6655,1.26130269769776,0,0,0.721428571428571,23.5422039931806
CCOCCOCCO,0.418249702467587,-1.52605630349505,35.0963,1.08685892998161,0,0,0.923809523809524,35.313305989771
CC(CCC=C(C)C)CCO,0.159649817529524,-0.788457360364262,50.4857,1.20580828367677,0,0,0.90952380952381,23.5422039931806
CCCC=CC(=O)C,0.159649817529537,-0.788457360364272,35.7931,1.23089733368673,0,0,0.938095238095238,25.1449270324178
CCCCCCCCC(=O)O,0.297285808594457,-1.22377543162211,44.8766,1.15741721568831,0,1,0.923809523809524,67.828270193339
CCCCCCCOC(=O)C,0.297285808594457,-1.2237754316221,45.089,1.16933803194237,0,0,0.923809523809524,59.6870189132048
CCCCOCCOC(=O)C,0.418249702467561,-1.52605630349504,42.3295,1.14288074596978,0,0,0.952380952380952,59.6870189132048
CCCCCCCCCC(=O)C,0.159649817529539,-0.788457360364275,53.0287,1.20675691676842,0,0,0.880952380952381,25.1449270324178
CCCCCCCCOC(=O)C,0.297285808594478,-1.22377543162212,49.69,1.17568583492811,0,0,0.923809523809524,59.6870189132048
CCCCCCCCCCOC(=O)C,0.297285808594473,-1.22377543162212,58.892,1.1798105137715,0,0,0.888095238095238,59.6870189132048
CCCCCCCCCCO,0.159649817529551,-0.788457360364272,49.7405,1.17021676114853,0,0,0.852380952380952,23.5422039931806
CCCCCCCCCC=O,0.159649817529509,-0.788457360364291,48.5522,1.2029238953982,0,0,0.880952380952381,25.1449270324178
CCCCCCCCCCC(=O)O,0.297285808594467,-1.22377543162213,54.0786,1.17109157764174,0,1,0.9,67.828270193339
CCCCCCCCCCCC,0.0,0.0,57.0142,1.20555605937004,0,0,0.611904761904762,0.0
CCCCCCCCCCCO,0.159649817529548,-0.788457360364265,54.3415,1.17490444326778,0,0,0.757142857142857,23.5422039931806
CCCCCCCCCCC=O,0.159649817529521,-0.788457360364268,53.1532,1.20407930212504,0,0,0.857142857142857,25.1449270324178
CCCCCCCCCCCCO,0.159649817529548,-0.788457360364272,58.9425,1.17534228565317,0,0,0.697619047619048,23.5422039931806
CCCCCCCCCCCCS,-0.0833296075869519,0.331531479730045,65.0695,1.24784120310241,0,0,0.635714285714286,23.5422039931806
CCCCCCCCCCCCOC(=O)C,0.297285808594441,-1.22377543162212,68.094,1.18454681283067,0,0,0.711904761904762,59.6870189132048
CCCCCCCCCCCCCO,0.15964981752953,-0.788457360364252,63.5435,1.18029018214533,0,0,0.626190476190476,23.5422039931806
CCCCCCCCCCCCCCO,0.159649817529518,-0.788457360364297,68.1445,1.18327241024209,0,0,0.626190476190476,23.5422039931806
CCCCCCCCCCC,0.0,0.0,52.4132,1.20132798809846,0,0,0.635714285714286,0.0
CC1=C(N=C(C(=N1)C)C)C,0.371839380458501,-0.788457360364263,40.1102,1.26922328837798,0,0,0.857142857142857,0.0
CC1C2CC2(CC1=O)C(C)C,0.159649817529547,-0.788457360364268,44.5396,1.22961301142656,0,0,0.90952380952381,25.1449270324178
CC1=CC(=O)CC(C1=O)(C)C,0.297285808594469,-1.22377543162212,43.4665,1.25777883685323,0,0,0.928571428571429,50.2898540648355
CC(C)(C=C)O,0.159649817529541,-0.788457360364272,26.4798,1.18907785519398,0,0,0.90952380952381,70.6266119795419
CC(=CCCC(C)(C=C)OC(=O)C)C,0.297285808594486,-1.22377543162211,59.3571,1.22535139872763,0,0,0.952380952380952,95.0003249029758
CC12CCC3C(C1CC=C2)CCC4C3(CCC(C4)O)C,0.159649817529536,-0.788457360364288,84.2315,1.25504075514255,0,0,0.802380952380952,47.0844079863613
CC1=C(C(CC=C1)(C)C)C=O,0.159649817529544,-0.788457360364272,48.2187,1.28771875519153,0,0,0.938095238095238,25.1449270324178
CCC(C)C(=O)O,0.297285808594481,-1.22377543162211,26.4461,1.13441989608861,0,1,0.952380952380952,67.828270193339
CCOC(=O)C1=CC=CC=C1O,0.418249702467589,-1.52605630349506,44.0276,1.215594286479,0,0,0.852380952380952,114.141464070716
CC1=CCCC(=C)C2CC(C2CC1)(C)C,0.0,0.0,67.4524,1.27702839656666,0,0,0.807142857142857,0.0
CC1=C(C(=O)C=CO1)O,0.418249702467586,-1.52605630349505,33.5097,1.19181312248533,0,0,0.728571428571429,103.14157618311
COC(=O)C1=CC=CC=C1O,0.418249702467583,-1.52605630349505,39.2796,1.21118574998993,0,0,0.752380952380952,78.8281580809454
C1=CC=C(C=C1)C(=O)C2=CC=CC=C2,0.159649817529545,-0.788457360364273,56.6335,1.31272536264222,0,0,0.738095238095238,25.1449270324178
C1CC(=O)OC2=CC=CC=C21,0.297285808594495,-1.22377543162212,40.4553,1.26175279731304,0,0,0.828571428571429,36.1448149200242
CC(=O)C1=CC=CO1,0.297285808594471,-1.22377543162211,28.8517,1.29138051984073,0,0,0.752380952380952,34.6522733186665
CC1(C2CCC(C2)(C1=O)C)C,0.159649817529543,-0.788457360364274,44.5438,1.25813817679817,0,0,0.885714285714286,25.1449270324178
CC1=CC=C(C=C1)C(C)(C)O,0.15964981752953,-0.788457360364275,46.9709,1.26214071395733,0,0,0.938095238095238,70.6266119795419
COC1=C(C=C(C=C1)C=O)OC,0.418249702467581,-1.52605630349505,45.5754,1.21915934270867,0,0,0.852380952380952,47.1447028076306
C1=CC=C(C=C1)COC(=O)C2=CC=CC=C2,0.297285808594481,-1.22377543162213,62.1981,1.28027529737989,0,0,0.8,36.1448149200242
C1OC2=C(O1)C=C(C=C2)C=O,0.418249702467588,-1.52605630349505,38.4159,1.24347378587075,0,0,0.723809523809524,47.1447028076306
C1=CC=C2C(=C1)C=CN2,0.203104095976493,-0.470003629245736,37.1445,1.35864815310302,0,0,0.714285714285714,0.0
C1CCC(=O)C1,0.159649817529539,-0.788457360364269,23.6464,1.22911473907319,0,0,0.914285714285714,25.1449270324178
CCOC1=C(C=CC(=C1)C=O)O,0.418249702467589,-1.52605630349505,45.5543,1.21969358976174,0,0,0.852380952380952,114.141464070716
COC1=C(C=CC(=C1)C=O)O,0.418249702467584,-1.52605630349505,40.8063,1.21606797531404,0,0,0.752380952380952,78.8281580809454
CCN(CC)CC,0.20310409597648,-0.470003629245733,34.2321,1.14587705347378,0,0,0.852380952380952,105.939917969313
CC1=CC=C(C=C1)C(=O)C,0.15964981752953,-0.788457360364276,41.502,1.29417454622169,0,0,0.838095238095238,25.1449270324178
CC(C)C1=CC=C(C=C1)C=O,0.15964981752954,-0.788457360364268,46.8398,1.28040355725377,0,0,0.838095238095238,25.1449270324178
CC(=O)CCC1=CC(=C(C=C1)O)OC,0.418249702467592,-1.52605630349505,53.675,1.21528327033334,0,0,0.952380952380952,78.8281580809454
CC(=O)OCCCC1=CC=CC=C1,0.297285808594473,-1.22377543162211,51.381,1.24337586543599,0,0,0.952380952380952,59.6870189132048
CC(=O)OC1=CC=CC=C1,0.297285808594474,-1.22377543162211,37.1904,1.25193565544836,0,0,0.752380952380952,36.1448149200242
C1=CC=C(C=C1)CCCO,0.159649817529542,-0.788457360364272,42.2295,1.24989978850128,0,0,0.866666666666667,23.5422039931806
C1=CC=C(C=C1)OCCO,0.297285808594473,-1.22377543162211,38.8135,1.21258522025312,0,0,0.880952380952381,10.9998878876064
CC1COCC2=CC3=C(C=C12)C(C(C3(C)C)C)(C)C,0.159649817529542,-0.788457360364289,80.8833,1.26869260721863,0,0,0.854761904761905,11.7711019965903
COC1=CC=C(C=C1)C=O,0.297285808594482,-1.22377543162211,39.1122,1.24888740857145,0,0,0.752380952380952,36.1448149200242
CCCC(C)C=O,0.159649817529546,-0.788457360364274,30.1217,1.18940265586438,0,0,0.90952380952381,25.1449270324178
CCCC(=O)CCC,0.159649817529528,-0.788457360364268,34.6506,1.20212570215829,0,0,0.90952380952381,25.1449270324178
CCOC(=O)CCC(=O)OCC,0.52614763986379,-1.75785791755237,42.5712,1.13888163275719,0,0,0.952380952380952,142.91624181959
CCCCCCCCC(=O)OCC,0.297285808594483,-1.22377543162212,54.3937,1.17326668766734,0,0,0.9,71.4581209097951
CC1=CN=C(C=N1)C,0.371839380458503,-0.788457360364272,30.9272,1.27028892641793,0,0,0.828571428571429,0.0
CC(=CCCC(=C)C=C)C,0.0,0.0,48.379,1.28773654376666,0,0,0.842857142857143,0.0
CCC=O,0.159649817529537,-0.788457360364269,16.3452,1.14163833106514,0,0,0.923809523809524,25.1449270324178
CC(C)CCO,0.159649817529535,-0.78845736036427,26.6831,1.1574277559231,0,0,0.852380952380952,23.5422039931806
CC1OC(OC(O1)C)C,0.418249702467581,-1.52605630349505,32.0859,1.1294415330613,0,0,0.928571428571429,105.939917969313
CCCCCC(=O)OCC,0.297285808594481,-1.22377543162211,40.5907,1.15774844478749,0,0,0.952380952380952,71.4581209097951
CCCC=O,0.159649817529537,-0.78845736036427,20.9462,1.18937280847332,0,0,0.923809523809524,25.1449270324178
CC=CC=O,0.159649817529538,-0.788457360364272,22.1146,1.2466376617468,0,0,0.823809523809524,25.1449270324178
C1CCNC1,0.203104095976482,-0.470003629245735,22.2336,1.20466024139511,0,0,0.871428571428571,47.0844079863613
CCCCOC(=O)C,0.297285808594481,-1.22377543162212,31.286,1.15096042279254,0,0,0.952380952380952,59.6870189132048
CC(C)CCOC(=O)C,0.297285808594465,-1.22377543162212,35.8346,1.17536116616688,0,0,0.952380952380952,59.6870189132048
CCCCCCC(C)O,0.159649817529537,-0.788457360364261,40.3557,1.16833122745013,0,0,0.852380952380952,58.8555099829516
CCCCCCCC(=O)O,0.29728580859447,-1.22377543162212,40.2756,1.15749611674541,0,1,0.952380952380952,67.828270193339
CCCCCCCCCCCCCC(=O)OC,0.297285808594452,-1.22377543162212,72.6507,1.18456159008859,0,0,0.711904761904762,36.1448149200242
CCCCCCCC=O,0.159649817529548,-0.788457360364265,39.3502,1.20001847176788,0,0,0.90952380952381,25.1449270324178
CCCCCCCCC=O,0.159649817529563,-0.788457360364259,43.9512,1.19543065069263,0,0,0.90952380952381,25.1449270324178
CNC,0.203104095976483,-0.470003629245736,14.6934,1.12631791085507,0,0,0.871428571428571,0.0
CC1=CCCC(C1C=CC(=O)C)(C)C,0.159649817529548,-0.788457360364265,62.1638,1.267326559195,0,0,0.938095238095238,25.1449270324178
COC(=O)C1=CC=CC=C1C(=O)OC,0.526147639863784,-1.75785791755237,49.113,1.20239419365837,0,0,0.752380952380952,72.2896298400484
CC(C)CCCCCCC=O,0.159649817529539,-0.788457360364255,48.4998,1.21106833772552,0,0,0.880952380952381,25.1449270324178
C1=CC=C(C=C1)CCOC(=O)C2=CC=CC=C2N,0.451966941759573,-1.38629436111989,71.6531,1.267513373834,8,0,0.871428571428571,59.6870189132048
CCC1=NC(=CN=C1C)C,0.371839380458504,-0.788457360364277,40.1456,1.25294392228664,0,0,0.880952380952381,0.0
COC(=O)C1=CC=CC=C1N,0.451966941759572,-1.38629436111989,42.2859,1.22212277051258,8,0,0.752380952380952,36.1448149200242
CC1=CCC2C(C1)C2(C)C,0.0,0.0,44.7223,1.26944835544943,0,0,0.819047619047619,0.0
C1=COC(=C1)CSCC2=CC=CO2,0.230556011029641,-1.10090964771679,53.1939,1.34386696471221,0,0,0.852380952380952,19.0146925724974
COCC1=CC=CO1,0.297285808594477,-1.22377543162212,30.016,1.25737295402869,0,0,0.852380952380952,9.50734628624871
CSC(=O)C1=CC=CO1,0.230556011029663,-1.1009096477168,36.4197,1.32572810401907,0,0,0.752380952380952,34.6522733186665
CCC(C)CO,0.159649817529544,-0.788457360364273,26.6063,1.13194702887231,0,0,0.852380952380952,11.7711019965903
CCCCOC(=O)C(C)O,0.418249702467577,-1.52605630349505,37.5566,1.12884519747066,0,0,0.952380952380952,95.0003249029758
CC1=CCC(CC1)C(=C)C,0.0,0.0,46.4803,1.27218825675225,0,0,0.842857142857143,0.0
CC1=CCCC(=C)C2CC(C2CC1)(C)C,0.0,0.0,67.4524,1.27702839656666,0,0,0.807142857142857,0.0
CCC1=NC=CN=C1,0.371839380458504,-0.788457360364269,30.9626,1.24859623207174,0,0,0.852380952380952,0.0
CC1=NC=CN=C1CC(C)C,0.371839380458508,-0.788457360364269,44.7037,1.26760970036468,0,0,0.952380952380952,0.0
CCC(C)N,0.203104095976485,-0.470003629245736,23.6092,1.13034984206928,0,0,0.895238095238095,58.8555099829516
CC(=O)OCC1=CC=CC=C1,0.297285808594471,-1.22377543162211,42.0254,1.24135400332222,0,0,0.852380952380952,36.1448149200242
CC1=CC=C(C=C1)OC(=O)C,0.297285808594466,-1.22377543162211,42.2316,1.25557922923957,0,0,0.852380952380952,36.1448149200242
COC1=CC=C(C=C1)CC=C,0.159649817529554,-0.788457360364268,46.8085,1.27518563491184,0,0,0.838095238095238,10.9998878876064
CCOC(=O)C=C,0.297285808594476,-1.22377543162212,26.8836,1.17801616347627,0,0,0.952380952380952,71.4581209097951
CCCCC(=O)OCCC,0.297285808594485,-1.22377543162212,40.5139,1.16089817038703,0,0,0.952380952380952,59.6870189132048
CCOC(=O)C,0.297285808594473,-1.22377543162211,22.1608,1.13783649226666,0,0,0.952380952380952,71.4581209097951
CC(=CC(=O)C)C,0.159649817529534,-0.78845736036427,30.8731,1.2577214867169,0,0,0.938095238095238,25.1449270324178
CCOC(=O)CC(=O)C,0.41824970246758,-1.52605630349505,32.056,1.16808654724394,0,0,0.952380952380952,96.6030479422129
CCCCCC(=O)O,0.297285808594475,-1.22377543162212,31.0736,1.13203178311654,0,1,0.952380952380952,67.828270193339
CCCCCCC,0.0,0.0,34.0092,1.19461837284177,0,0,0.757142857142857,0.0
CC=CC=CC=O,0.159649817529536,-0.788457360364272,32.4332,1.26640732722857,0,0,0.80952380952381,25.1449270324178
CCCCCCOC(=O)C,0.297285808594467,-1.22377543162211,40.488,1.16415458005317,0,0,0.952380952380952,59.6870189132048
CCCCCCCCCCCC(=O)O,0.297285808594489,-1.22377543162214,58.6796,1.17114721369376,0,1,0.888095238095238,67.828270193339
CCCCCCCCCO,0.159649817529524,-0.788457360364279,45.1395,1.16198223170184,0,0,0.852380952380952,23.5422039931806
CCCCCCCCCOC(=O)C,0.297285808594462,-1.22377543162211,54.291,1.17675500870561,0,0,0.9,59.6870189132048
C1=CC=C(C=C1)C=CC=O,0.159649817529548,-0.788457360364266,42.2096,1.30159221238966,0,0,0.738095238095238,25.1449270324178
C1=CN(C=C1)CC2=CC=CO2,0.335257213064668,-1.02961941718115,42.717,1.34399006619021,3,0,0.752380952380952,9.50734628624871
CC1=CCC(CC1)C(C)(C)OC(=O)C2=CC=CC=C2N,0.451966941759591,-1.38629436111988,82.4851,1.24426183031503,8,0,1.0,118.542528896156
CCCCCCCCCS,-0.0833296075869878,0.33153147973006,51.2665,1.25722091478734,0,0,0.697619047619048,23.5422039931806
CCC(C)C1CCCCC1=O,0.159649817529542,-0.788457360364268,46.5725,1.21490484032384,0,0,0.880952380952381,25.1449270324178
CCC(C)O,0.159649817529541,-0.788457360364269,21.9517,1.10315708605087,0,0,0.895238095238095,58.8555099829516
CCCCC(CC)C(=O)O,0.297285808594479,-1.22377543162212,40.2491,1.15954726296143,0,1,0.952380952380952,67.828270193339
CC1CCC(C(C1)O)C(C)C,0.159649817529553,-0.788457360364263,47.4447,1.20166422897129,0,0,0.880952380952381,35.313305989771
COC1=CC=C(C=C1)OC,0.297285808594485,-1.22377543162211,38.9844,1.22126145707052,0,0,0.880952380952381,21.9997757752129
CC(=O)SC,0.0826853666186061,-0.591612669735648,23.8561,1.27535163786466,0,0,0.938095238095238,25.1449270324178
CC1=CCC(C1(C)C)CC,0.2031040959765,-0.470003629245735,47.2216,1.29678145197108,0,0,0.938095238095238,0.0
C1=CC=C(C=C1)CC(=O)C(=O)O,0.418249702467587,-1.52605630349505,42.7116,1.23949213053234,0,1,0.752380952380952,92.9731972257567
CCC(C)CO,0.159649817529544,-0.788457360364273,26.6063,1.13194702887231,0,0,0.852380952380952,11.7711019965903
C1CCC(CC1)S,-0.0833296075870058,0.331531479730037,35.4017,1.27906651537368,0,0,0.761904761904762,47.0844079863613
CSCSC,-0.160246349142096,0.580090458267649,31.2143,1.35827895706668,0,0,0.842857142857143,0.0
CC(C1=CC=CC=C1)OC(=O)C,0.297285808594487,-1.22377543162212,46.4436,1.24140734108436,0,0,0.852380952380952,71.4581209097951
CC(C)(C)OC,0.15964981752954,-0.788457360364271,26.8163,1.15379373709284,0,0,0.852380952380952,105.939917969313
CCCCCCCS,-0.0833296075870058,0.331531479730037,42.0645,1.25940518163515,0,0,0.757142857142857,23.5422039931806
CC1CCOC(C1)C=C(C)C,0.159649817529534,-0.788457360364263,48.4907,1.22653833317681,0,0,0.90952380952381,47.0844079863613
CC1CCC(C(C1)OC(=O)CC(C)C)C(C)C,0.297285808594454,-1.22377543162212,70.3727,1.21515825792481,0,0,0.942857142857143,71.4581209097951
CCCCCCCCCC(C)O,0.159649817529539,-0.788457360364276,54.1587,1.18025677281801,0,0,0.780952380952381,58.8555099829516
CCCC=CC=O,0.15964981752954,-0.788457360364271,31.3166,1.22786999178455,0,0,0.938095238095238,25.1449270324178
CC1(C2CC1C3(C(C2)O3)C)C,0.159649817529543,-0.788457360364269,43.4046,1.22199095940603,0,0,0.885714285714286,70.6266119795419
CCCCCCCCC(=O)OC,0.297285808594467,-1.22377543162211,49.6457,1.16677290104774,0,0,0.923809523809524,36.1448149200242
CCC=CCCC=CC=O,0.159649817529539,-0.788457360364263,46.2362,1.24823765946625,0,0,0.938095238095238,25.1449270324178
C=CCOC(=O)CC1=CC=CC=C1,0.297285808594502,-1.22377543162211,51.2974,1.25972543474153,0,0,0.852380952380952,36.1448149200242
CCC1=NC=C(N=C1CC)C,0.37183938045851,-0.78845736036427,44.7725,1.24450638229477,0,0,0.952380952380952,0.0
CC(CCCC(C)(C)O)C=C,0.159649817529545,-0.788457360364273,49.586,1.20680220716496,0,0,0.90952380952381,94.1688159727225
CCCCC=CC=O,0.159649817529543,-0.788457360364272,35.9176,1.23178194601689,0,0,0.938095238095238,25.1449270324178
CCCCCCC=CC=O,0.159649817529539,-0.788457360364278,45.1196,1.22492391669702,0,0,0.938095238095238,25.1449270324178
CC1CCCC2(C1(CCCC2)O)C,0.159649817529539,-0.78845736036426,54.5772,1.21063218959699,0,0,0.785714285714286,35.313305989771
CCCCCCCC(=O)OCCC(C)C,0.297285808594457,-1.22377543162211,63.4665,1.19008395940951,0,0,0.888095238095238,59.6870189132048
CCCCCOC(=O)C1=CC=CC=C1O,0.418249702467599,-1.52605630349504,57.7538,1.21506773040295,0,0,1.0,102.370362074126
CCCCCCC(C)OC(=O)C,0.297285808594499,-1.22377543162212,49.5072,1.18197113803885,0,0,0.923809523809524,95.0003249029758
CCCCOC(=O)C1=CC=CC=C1O,0.418249702467599,-1.52605630349504,53.1528,1.21205415161676,0,0,0.952380952380952,102.370362074126
CCCCCC=CC=O,0.15964981752954,-0.788457360364267,40.5186,1.22477142492811,0,0,0.938095238095238,25.1449270324178
CC1=CCC(CC1O)C(=C)C,0.159649817529537,-0.788457360364273,47.9954,1.24755784939507,0,0,0.938095238095238,23.5422039931806
CC1CC(C2=C(C1(C)C)C=C(C(=C2)C(=O)C)C)(C)C,0.159649817529569,-0.788457360364278,81.5802,1.28429228849815,0,0,0.854761904761905,25.1449270324178
CCCCC=CC=CC=O,0.159649817529527,-0.788457360364265,46.2362,1.2499880016025,0,0,0.938095238095238,25.1449270324178
C=CCSSCC=C,-0.160246349142092,0.580090458267652,45.3058,1.38749618780059,0,0,0.842857142857143,0.0
CCCSSCC=C,-0.160246349142091,0.580090458267644,45.4153,1.35540938482421,0,0,0.842857142857143,23.5422039931806
CCCCCC(=O)OCCC(C)C,0.297285808594428,-1.22377543162212,54.2645,1.17973478769701,0,0,0.923809523809524,59.6870189132048
CC1CCC(C(C1)O)C(C)C,0.159649817529553,-0.788457360364263,47.4447,1.20166422897129,0,0,0.880952380952381,35.313305989771
CC1=CCC(CC1=O)C(=C)C,0.159649817529537,-0.788457360364268,47.1735,1.27846966374891,0,0,0.938095238095238,25.1449270324178
CCCCCC1=CC=CC=N1,0.203104095976469,-0.47000362924573,46.9225,1.25893250862427,0,0,0.938095238095238,0.0
CC1=CCC(CC1)C(C)(CCC=C(C)C)O,0.159649817529575,-0.788457360364272,72.1863,1.22848891748716,0,0,0.885714285714286,70.6266119795419
CC1CCC(C(C1)O)C(C)C,0.159649817529553,-0.788457360364263,47.4447,1.20166422897129,0,0,0.880952380952381,35.313305989771
CC1(C2CCC1(C(C2)(C)O)C)C,0.159649817529537,-0.788457360364267,49.9515,1.22763342325532,0,0,0.785714285714286,58.8555099829516
CC1=NC=CN=C1C(=O)C,0.484584312560764,-1.22377543162211,36.3665,1.25646774172469,7,0,0.852380952380952,25.1449270324178
CC(CCC=C(C)C)CC=O,0.159649817529545,-0.788457360364279,49.2974,1.23808309485749,0,0,0.90952380952381,25.1449270324178
CC1NCCS1,0.129535921349038,-0.188055088641717,29.5941,1.29358007899203,0,0,0.914285714285714,35.313305989771
CCC(C)COC(=O)C(C)CC,0.29728580859446,-1.22377543162212,49.5602,1.17249657895268,0,0,0.923809523809524,47.9159169166145
CCCCCC(C=C)O,0.159649817529543,-0.788457360364267,40.1694,1.18482162740824,0,0,0.90952380952381,23.5422039931806
CC(C)CC1=NC=CN=C1OC,0.484584312560757,-1.22377543162213,46.8889,1.22474624743401,5,0,0.952380952380952,10.9998878876064
CCCCCCCC=CC=O,0.159649817529542,-0.788457360364276,49.7206,1.2269520944273,0,0,0.90952380952381,25.1449270324178
CC(C)(C)C1=C(C=CC(=C1)OC)O,0.297285808594469,-1.22377543162212,52.8812,1.23005090932751,0,0,0.952380952380952,53.6832310485276
CC1=C(C=CS1)S,-0.160246349142098,0.580090458267648,37.9636,1.49467213160249,0,0,0.690476190476191,0.0
CCCCCOC(=O)CC(C)C,0.297285808594483,-1.22377543162212,49.6635,1.1875760601672,0,0,0.923809523809524,59.6870189132048
CCCCCC=CC=O,0.15964981752954,-0.788457360364267,40.5186,1.22477142492811,0,0,0.938095238095238,25.1449270324178
CC=CC1=CC=C(C=C1)OC,0.159649817529531,-0.788457360364269,47.881,1.27370215533864,0,0,0.838095238095238,10.9998878876064
CCCCC(C)O,0.159649817529545,-0.788457360364269,31.1537,1.15600273374626,0,0,0.852380952380952,58.8555099829516
CC(C)CCCCCO,0.159649817529539,-0.788457360364267,40.4861,1.17518321579051,0,0,0.852380952380952,23.5422039931806
CCC1C(=O)C(=C(O1)C)O,0.418249702467588,-1.52605630349505,37.604,1.16851746450324,0,0,0.952380952380952,126.683780176291
CCCCCC1=CC=CC(=O)O1,0.297285808594489,-1.22377543162211,50.3163,1.2258624648562,0,0,0.952380952380952,59.6870189132048
CCCCCC(=O)C=CC,0.159649817529545,-0.788457360364263,45.021,1.22355785722671,0,0,0.938095238095238,25.1449270324178
CCCCCC1CCCC(=O)O1,0.297285808594481,-1.22377543162213,47.6541,1.18400396780437,0,0,0.952380952380952,83.2292229063855
CC(C)CC(=O)OCC=C,0.297285808594473,-1.22377543162212,40.352,1.20180294908892,0,0,0.952380952380952,36.1448149200242
CC1C(=C(C(=O)O1)O)C,0.418249702467584,-1.52605630349505,31.6282,1.16640933145644,0,0,0.928571428571429,114.141464070716
C1=CSC=N1,0.129535921349035,-0.188055088641715,23.2107,1.43434129766096,0,0,0.714285714285714,0.0
CC1=NC=CN=C1SC,0.310054923303503,-0.591612669735647,39.5557,1.30860988863017,0,0,0.852380952380952,0.0
C1SSCSSS1,-0.360816356439282,1.08704565229664,47.4353,1.57173763495309,0,0,0.79047619047619,0.0
CSS(=O)(=O)C,0.159052929854603,-0.960805101180798,27.8285,1.28762013071167,0,0,0.952380952380952,44.3129520701807
CC1CCOC(C1)C=C(C)C,0.159649817529534,-0.788457360364263,48.4907,1.22653833317681,0,0,0.90952380952381,47.0844079863613
CCCCCCC=CC=CC=O,0.159649817529533,-0.788457360364272,55.4382,1.24062323549131,0,0,0.938095238095238,25.1449270324178
COC1=NC=CN=C1,0.484584312560766,-1.22377543162212,28.5209,1.20504090769962,5,0,0.752380952380952,10.9998878876064
CCC1=CC=CO1,0.159649817529535,-0.788457360364274,28.0393,1.27944674389164,0,0,0.838095238095238,9.50734628624871
CCC(C)C(=O)O,0.297285808594481,-1.22377543162211,26.4461,1.13441989608861,0,1,0.952380952380952,67.828270193339
CSCCC=O,0.0826853666186085,-0.591612669735651,29.0455,1.2644132981375,0,0,0.938095238095238,25.1449270324178
CCCCCCCCCC(=O)O,0.297285808594486,-1.22377543162211,49.4776,1.16759966991108,0,1,0.923809523809524,67.828270193339
CC1CCC(=C(C)C)C(=O)C1,0.159649817529548,-0.78845736036427,47.1294,1.25156494110814,0,0,0.914285714285714,25.1449270324178
CCCCOC(=O)C(C)O,0.418249702467577,-1.52605630349505,37.5566,1.12884519747066,0,0,0.952380952380952,95.0003249029758
CC(CCO)CC(C)(C)C,0.159649817529537,-0.788457360364266,44.9088,1.20021667316702,0,0,0.852380952380952,23.5422039931806
CCSCC,-0.0833296075869976,0.331531479730039,28.6829,1.27435903851453,0,0,0.814285714285714,70.6266119795419
COCCC1=CC=CC=C1,0.159649817529548,-0.788457360364267,42.3797,1.26033587302328,0,0,0.866666666666667,23.5422039931806
CCSSSCC,-0.231667122255087,0.779003724319632,44.2699,1.4099632840302,0,0,0.814285714285714,70.6266119795419
CC1C(=O)C(=C(O1)C)O,0.418249702467582,-1.52605630349505,33.0798,1.16262747724489,0,0,0.914285714285714,138.454882172881
CSSSC,-0.231667122255086,0.779003724319629,34.7739,1.44934927992791,0,0,0.842857142857143,0.0
CCCCCCCCCCCCCCCCO,0.15964981752953,-0.788457360364252,77.3465,1.18684413084858,0,0,0.564285714285714,23.5422039931806
CCCCCC1=CC=CO1,0.159649817529521,-0.788457360364257,41.8423,1.26545884597865,0,0,0.938095238095238,9.50734628624871
CCCC(=O)C(=O)C,0.297285808594474,-1.22377543162211,30.7687,1.20170062557204,0,0,0.952380952380952,50.2898540648355
CCCCCCCC=CC=O,0.159649817529542,-0.788457360364276,49.7206,1.2269520944273,0,0,0.90952380952381,25.1449270324178
C1C(SCC(S1)O)O,0.159052929854599,-0.960805101180801,36.4956,1.25792680435625,0,0,0.928571428571429,0.0
CCCCCCCCCCCCCCC(=O)OCC,0.297285808594452,-1.2237754316221,81.9997,1.18826708456512,0,0,0.65,71.4581209097951
CC1=CN=C(S1)C,0.129535921349037,-0.188055088641721,32.4924,1.3823275007377,0,0,0.814285714285714,0.0
CC=CC1=CC=C(C=C1)OC,0.159649817529531,-0.788457360364269,47.881,1.27370215533864,0,0,0.838095238095238,10.9998878876064
CCC(C)O,0.159649817529541,-0.788457360364269,21.9517,1.10315708605087,0,0,0.895238095238095,58.8555099829516
CC1SCCSS1,-0.23166712225508,0.779003724319627,41.8811,1.43697783944421,0,0,0.819047619047619,35.313305989771
CC(=O)C(=O)C,0.297285808594471,-1.22377543162212,21.5408,1.19934466132483,0,0,0.952380952380952,50.2898540648355
CCCCCC(=O)C=C,0.15964981752954,-0.788457360364265,39.3475,1.21728971636466,0,0,0.938095238095238,25.1449270324178
CCC=CCC=O,0.159649817529542,-0.78845736036427,31.2648,1.22107545200645,0,0,0.938095238095238,25.1449270324178
C(CCN)CCN,0.371839380458509,-0.788457360364269,31.9788,1.1107217169416,0,0,0.895238095238095,47.0844079863613
CC1CCC=C2C1(CC(CC2)C(=C)C)C,0.0,0.0,67.4524,1.27819259388958,0,0,0.830952380952381,0.0
CC1(C2CCC(C2)(C1=O)C)C,0.159649817529543,-0.788457360364274,44.5438,1.25813817679817,0,0,0.885714285714286,25.1449270324178
CC1(C2CCC(O1)(CC2)C)C,0.159649817529551,-0.788457360364266,45.8581,1.21286419399697,0,0,0.857142857142857,164.795427952264
CC1CCC(C(C1)O)C(C)C,0.159649817529553,-0.788457360364263,47.4447,1.20166422897129,0,0,0.880952380952381,35.313305989771
CC(=CCC(CO)C(=C)C)C,0.159649817529548,-0.788457360364272,50.134,1.23445523934321,0,0,0.90952380952381,11.7711019965903
CC1CCC(OC(=O)C1)C(C)C,0.297285808594475,-1.22377543162211,47.4725,1.19915657021306,0,0,0.952380952380952,71.4581209097951
CC1=C(C=C(C=C1)C(C)C)O,0.159649817529528,-0.788457360364267,46.9841,1.26300172428928,0,0,0.938095238095238,42.6833431609212
C(C(C(C(C(CO)O)O)O)O)O,0.712263297752168,-2.10413415427021,38.4036,1.01148860292675,0,0,0.764285714285714,0.0
CC(C)CC(=O)O,0.297285808594475,-1.22377543162211,26.4202,1.1566167089646,0,1,0.952380952380952,67.828270193339
CC=CC=C,0.0,0.0,25.9679,1.30292935229889,0,0,0.728571428571429,0.0
CSCCCO,0.0826853666186134,-0.591612669735645,30.3446,1.20465917293754,0,0,0.880952380952381,23.5422039931806
CCCC=CC=O,0.15964981752954,-0.788457360364271,31.3166,1.22786999178455,0,0,0.938095238095238,25.1449270324178
CC(=O)S,0.0826853666186085,-0.591612669735649,19.0575,1.34368444696531,0,0,0.9,25.1449270324178
CC(C)CS,-0.0833296075870038,0.331531479730042,28.1323,1.31612333606596,0,0,0.814285714285714,11.7711019965903
CCC(C)S,-0.0833296075870078,0.331531479730041,28.0787,1.30965531539553,0,0,0.814285714285714,58.8555099829516
CC(C(=O)C)O,0.297285808594479,-1.22377543162212,22.4654,1.14278308644102,0,0,0.952380952380952,60.4582330221887
CC(C)C1=CC2=CCC3C(C2CC1)(CCCC3(C)C(=O)O)C,0.297285808594415,-1.22377543162213,91.2142,1.24534687594594,0,1,0.940476190476191,67.828270193339
CC1CCCC2(C1(CCCC2)O)C,0.159649817529539,-0.78845736036426,54.5772,1.21063218959699,0,0,0.785714285714286,35.313305989771
CCCCC(C)O,0.159649817529545,-0.788457360364269,31.1537,1.15600273374626,0,0,0.852380952380952,58.8555099829516
COC1=C2C(=C(C(=C1)CC=C)OC)OCO2,0.526147639863745,-1.75785791755237,59.0386,1.22890155260898,0,0,1.0,43.9995515504257
CC1CCOC(C1)C=C(C)C,0.159649817529534,-0.788457360364263,48.4907,1.22653833317681,0,0,0.90952380952381,47.0844079863613
CC1=C(C(=CC=C1)O)C,0.159649817529542,-0.788457360364266,37.8345,1.27116339957806,0,0,0.814285714285714,42.6833431609212
CC(OC)OC,0.297285808594473,-1.22377543162212,23.7078,1.09413077310383,0,0,0.895238095238095,35.313305989771
CC1=CC=CO1,0.159649817529532,-0.788457360364274,23.4124,1.3113026532368,0,0,0.814285714285714,9.50734628624871
CCC1=NC(=C(O1)C)C,0.335257213064667,-1.02961941718116,35.2675,1.24084431087054,2,0,0.880952380952381,9.50734628624871
CC(=CCCC1=COC=C1)C,0.159649817529542,-0.788457360364273,47.4152,1.29645570608583,0,0,0.838095238095238,9.50734628624871
CCCCC(=O)OCC,0.29728580859447,-1.22377543162213,35.9897,1.1615115388839,0,0,0.952380952380952,71.4581209097951
C=CCSS(=O)CC=C,-0.0006997551142788,-0.346281114754728,46.6775,1.37483321459226,0,0,0.938095238095238,22.1564760350904
CCCC(=O)OCC(C)C,0.297285808594475,-1.22377543162211,40.3847,1.16871487434345,0,0,0.952380952380952,47.9159169166145
CCCCCOC(=O)CCC,0.297285808594481,-1.22377543162212,45.1149,1.17136780356806,0,0,0.923809523809524,59.6870189132048
CCC(=O)OCC(C)C,0.297285808594475,-1.22377543162211,35.7837,1.15012095240595,0,0,0.952380952380952,47.9159169166145
